ID_W,DATA,CZAS_T0_UTC,Mw,Lat,Lon
20240102.134317.94,02.01.2024,13:43:17.94,"2,78","50,175","19,3414"
20240102.160602.03,02.01.2024,16:06:02.03,"2,66","50,0899","19,3516"
20240103.120756.67,03.01.2024,12:07:56.67,"2,54","50,175","19,3388"
20240103.153710.40,03.01.2024,15:37:10.40,"3,12","50,1962","18,8008"
20240103.154453.42,03.01.2024,15:44:53.42,"2,5","50,1295","19,1889"
20240104.025306.00,04.01.2024,02:53:06.00,"2,44","50,1748","19,3392"
20240104.120726.28,04.01.2024,12:07:26.28,"2,38","50,0914","19,2072"
20240104.171247.32,04.01.2024,17:12:47.32,"2,39","50,1749","19,3388"
20240105.084117.60,05.01.2024,08:41:17.60,"2,4","50,1748","19,3399"
20240105.093255.37,05.01.2024,09:32:55.37,"2,68","50,1295","19,1894"
20240105.140529.72,05.01.2024,14:05:29.72,"2,46","50,2002","18,7561"
20240105.145055.59,05.01.2024,14:50:55.59,"2,87","50,09","19,3517"
20240105.151926.59,05.01.2024,15:19:26.59,"2,31","50,175","19,3392"
20240105.160948.81,05.01.2024,16:09:48.81,"2,24","50,231","18,8444"
20240105.202820.97,05.01.2024,20:28:20.97,"2,6","50,1033","19,361"
20240105.232039.20,05.01.2024,23:20:39.20,"2,46","50,175","19,339"
20240106.021000.56,06.01.2024,02:10:00.56,"2,57","50,3507","18,8446"
20240106.060447.16,06.01.2024,06:04:47.16,"2,9","50,1985","19,0755"
20240106.072553.29,06.01.2024,07:25:53.29,"2,48","50,1749","19,3387"
20240106.125638.52,06.01.2024,12:56:38.52,"2,63","50,1959","18,8019"
20240106.163233.32,06.01.2024,16:32:33.32,"2,79","49,9938","19,1284"
20240108.164541.07,08.01.2024,16:45:41.07,"2,72","50,1944","18,6907"
20240108.212638.98,08.01.2024,21:26:38.98,"2,51","50,1751","19,3392"
20240109.051527.41,09.01.2024,05:15:27.41,"2,35","50,1744","19,34"
20240109.153845.26,09.01.2024,15:38:45.26,"2,67","50,199","19,0748"
20240110.124519.16,10.01.2024,12:45:19.16,"2,77","50,1987","19,0752"
20240110.200815.16,10.01.2024,20:08:15.16,"2,55","50,1298","19,1892"
20240111.175726.47,11.01.2024,17:57:26.47,"2,66","50,1941","18,6896"
20240111.215720.77,11.01.2024,21:57:20.77,"2,76","50,0904","19,35"
20240112.024904.02,12.01.2024,02:49:04.02,"2,63","50,1954","18,8011"
20240112.025017.97,12.01.2024,02:50:17.97,"2,9","50,2144","18,7168"
20240112.170220.31,12.01.2024,17:02:20.31,"2,56","50,199","19,075"
20240113.121013.87,13.01.2024,12:10:13.87,"2,58","50,1942","18,6908"
20240113.134930.06,13.01.2024,13:49:30.06,"2,38","50,1999","18,7562"
20240113.155510.56,13.01.2024,15:55:10.56,"2,61","50,1993","19,0754"
20240115.024552.05,15.01.2024,02:45:52.05,"2,53","50,2215","19,0339"
20240115.180649.43,15.01.2024,18:06:49.43,"2,63","50,1983","19,0767"
20240115.182255.42,15.01.2024,18:22:55.42,"2,31","50,2317","18,8451"
20240115.221722.19,15.01.2024,22:17:22.19,"2,54","50,127","19,1893"
20240115.225444.79,15.01.2024,22:54:44.79,"2,28","50,0575","18,4614"
20240116.103257.11,16.01.2024,10:32:57.11,"2,49","50,2319","18,8362"
20240116.103510.92,16.01.2024,10:35:10.92,"2,25","50,2309","18,8362"
20240116.132425.85,16.01.2024,13:24:25.85,"2,48","50,2311","18,8449"
20240116.154408.64,16.01.2024,15:44:08.64,"2,31","50,1959","18,8011"
20240116.203407.53,16.01.2024,20:34:07.53,"2,8","50,1948","18,6903"
20240117.084308.97,17.01.2024,08:43:08.97,"2,5","50,1953","18,8002"
20240117.154225.88,17.01.2024,15:42:25.88,"2,62","50,2","19,0763"
20240117.194426.08,17.01.2024,19:44:26.08,"2,64","50,1299","19,1887"
20240117.201217.35,17.01.2024,20:12:17.35,"2,39","50,2223","19,0298"
20240118.225917.37,18.01.2024,22:59:17.37,"2,72","50,1301","19,1887"
20240119.221437.24,19.01.2024,22:14:37.24,"2,44","50,1956","18,7996"
20240120.000938.05,20.01.2024,00:09:38.05,"2,74","50,1953","18,6896"
20240122.221812.06,22.01.2024,22:18:12.06,"2,97","50,199","19,0752"
20240123.012852.74,23.01.2024,01:28:52.74,"2,52","50,1295","19,1885"
20240123.122146.40,23.01.2024,12:21:46.40,"2,56","50,2308","18,8353"
20240123.180714.23,23.01.2024,18:07:14.23,"2,51","50,1755","19,3388"
20240123.212939.22,23.01.2024,21:29:39.22,"2,42","50,1797","18,6406"
20240124.034705.57,24.01.2024,03:47:05.57,"2,62","50,2311","18,8357"
20240124.073255.00,24.01.2024,07:32:55.00,"2,43","50,1952","18,7997"
20240124.124905.66,24.01.2024,12:49:05.66,"2,23","50,0667","18,4674"
20240124.201959.53,24.01.2024,20:19:59.53,"2,9","50,1945","18,6909"
20240124.232743.96,24.01.2024,23:27:43.96,"2,93","50,1959","18,8007"
20240125.034556.28,25.01.2024,03:45:56.28,"2,97","50,1996","19,0747"
20240125.212559.34,25.01.2024,21:25:59.34,"2,26","50,2425","18,8807"
20240126.002818.68,26.01.2024,00:28:18.68,"2,46","50,2002","19,0748"
20240126.160136.19,26.01.2024,16:01:36.19,"2,46","50,1305","19,1888"
20240126.214210.87,26.01.2024,21:42:10.87,"1,99","50,0579","18,4615"
20240127.035817.35,27.01.2024,03:58:17.35,"2,67","50,102","19,3635"
20240129.145144.10,29.01.2024,14:51:44.10,"2,43","50,13","19,1894"
20240129.165132.41,29.01.2024,16:51:32.41,"2,57","50,1668","18,6305"
20240129.195001.87,29.01.2024,19:50:01.87,"2,66","50,1951","18,7994"
20240129.235822.84,29.01.2024,23:58:22.84,"2,28","50,0674","18,4668"
20240130.005209.84,30.01.2024,00:52:09.84,"2,29","50,1755","19,3391"
20240130.060322.09,30.01.2024,06:03:22.09,"2,93","50,1951","18,7996"
20240130.170217.26,30.01.2024,17:02:17.26,"2,54","50,1945","18,6909"
20240131.185232.36,31.01.2024,18:52:32.36,"2,96","50,1972","18,692"
20240201.035043.45,01.02.2024,03:50:43.45,"2,16","50,067","18,4657"
20240201.060041.00,01.02.2024,06:00:41.00,"2,27","50,1955","18,8001"
20240205.013402.71,05.02.2024,01:34:02.71,"2,65","50,2241","19,0332"
20240205.214719.73,05.02.2024,21:47:19.73,"2,56","50,1754","19,3403"
20240206.121944.66,06.02.2024,12:19:44.66,"3,04","50,2147","18,7172"
20240206.234850.90,06.02.2024,23:48:50.90,"2,98","50,1964","18,7571"
20240207.160420.39,07.02.2024,16:04:20.39,"2,63","50,1293","19,1885"
20240209.142919.31,09.02.2024,14:29:19.31,"2,87","50,1945","18,6911"
20240210.175858.35,10.02.2024,17:58:58.35,"2,7","50,0926","19,3578"
20240211.043429.19,11.02.2024,04:34:29.19,"2,81","50,2309","18,8357"
20240212.104942.37,12.02.2024,10:49:42.37,"2,92","50,2278","18,8119"
20240213.011023.20,13.02.2024,01:10:23.20,"2,74","50,1939","18,6905"
20240213.141236.99,13.02.2024,14:12:36.99,"2,68","50,1756","19,339"
20240215.130057.86,15.02.2024,13:00:57.86,"2,42","50,1948","18,7991"
20240215.222738.86,15.02.2024,22:27:38.86,"2,69","50,1986","18,7578"
20240216.091900.51,16.02.2024,09:19:00.51,"2,41","50,1029","19,3569"
20240217.091422.28,17.02.2024,09:14:22.28,"2,37","50,1944","18,8015"
20240219.105033.79,19.02.2024,10:50:33.79,"2,43","50,1941","18,8002"
20240219.123429.15,19.02.2024,12:34:29.15,"2,7","50,2313","18,8352"
20240220.033030.68,20.02.2024,03:30:30.68,"2,61","50,1757","19,3394"
20240221.000940.90,21.02.2024,00:09:40.90,"2,81","50,067","18,4665"
20240221.023731.47,21.02.2024,02:37:31.47,"2,96","50,1943","18,8004"
20240223.002018.52,23.02.2024,00:20:18.52,"2,52","50,1758","19,3394"
20240223.142452.52,23.02.2024,14:24:52.52,"2,92","50,193","18,6931"
20240223.193709.84,23.02.2024,19:37:09.84,"2,43","50,1027","19,3578"
20240223.205501.99,23.02.2024,20:55:01.99,"2,33","50,1939","18,8004"
20240224.103328.95,24.02.2024,10:33:28.95,"2,52","50,1761","19,3395"
20240224.154410.95,24.02.2024,15:44:10.95,"2,4","50,1166","19,1104"
20240226.075346.17,26.02.2024,07:53:46.17,"2,43","50,2012","19,0755"
20240226.164109.21,26.02.2024,16:41:09.21,3,"50,1025","19,3583"
20240227.124434.14,27.02.2024,12:44:34.14,"2,55","50,1936","18,8004"
20240227.200036.17,27.02.2024,20:00:36.17,"2,77","50,1956","18,6906"
20240228.055050.93,28.02.2024,05:50:50.93,"2,61","50,104","19,3508"
20240228.055203.57,28.02.2024,05:52:03.57,"2,57","50,1039","19,3574"
20240228.122324.01,28.02.2024,12:23:24.01,"2,34","50,1939","18,7991"
20240228.171140.47,28.02.2024,17:11:40.47,"2,53","50,1757","19,3404"
20240229.080711.28,29.02.2024,08:07:11.28,"2,48","50,194","18,7987"
20240229.165400.52,29.02.2024,16:54:00.52,"2,68","50,1756","19,34"
20240229.201207.93,29.02.2024,20:12:07.93,"2,71","50,1947","18,691"
20240229.201213.18,29.02.2024,20:12:13.18,"2,56","50,194","18,7991"
20240301.060410.88,01.03.2024,06:04:10.88,"2,46","50,2216","19,0356"
20240301.084453.18,01.03.2024,08:44:53.18,"2,59","50,2315","18,8349"
20240302.051539.71,02.03.2024,05:15:39.71,"2,27","50,1932","18,7998"
20240302.130830.61,02.03.2024,13:08:30.61,"2,46","50,1931","18,8005"
20240303.040933.13,03.03.2024,04:09:33.13,"2,63","50,1028","19,3526"
20240303.174912.76,03.03.2024,17:49:12.76,"2,33","50,2051","18,791"
20240304.181224.88,04.03.2024,18:12:24.88,"2,5","50,1029","19,3566"
20240304.194715.82,04.03.2024,19:47:15.82,"2,55","50,1667","18,6306"
20240305.045331.05,05.03.2024,04:53:31.05,"2,53","50,1759","19,3392"
20240305.075940.64,05.03.2024,07:59:40.64,"3,13","50,1653","19,3462"
20240305.102825.95,05.03.2024,10:28:25.95,"2,3","50,2314","18,8469"
20240305.124320.49,05.03.2024,12:43:20.49,"2,29","50,2277","18,8168"
20240306.035803.54,06.03.2024,03:58:03.54,"2,57","50,0656","18,4654"
20240306.142417.62,06.03.2024,14:24:17.62,"2,75","50,1758","19,3399"
20240306.195729.34,06.03.2024,19:57:29.34,"3,06","50,2001","19,0752"
20240307.053516.58,07.03.2024,05:35:16.58,"2,57","50,1029","19,3561"
20240307.210225.88,07.03.2024,21:02:25.88,"2,55","50,1757","19,3391"
20240308.071426.01,08.03.2024,07:14:26.01,"2,37","50,1935","18,8001"
20240309.070119.85,09.03.2024,07:01:19.85,"2,49","50,1931","18,8008"
20240309.113733.95,09.03.2024,11:37:33.95,"3,02","50,1953","18,6916"
20240312.012540.56,12.03.2024,01:25:40.56,"2,58","50,2018","19,0625"
20240312.164255.85,12.03.2024,16:42:55.85,"2,63","50,1934","18,7995"
20240312.184257.83,12.03.2024,18:42:57.83,"2,36","50,1938","18,7992"
20240312.200840.97,12.03.2024,20:08:40.97,"2,42","50,2318","18,8471"
20240312.221940.41,12.03.2024,22:19:40.41,"2,6","50,1022","19,3569"
20240313.025623.73,13.03.2024,02:56:23.73,"2,75","50,1757","19,3408"
20240314.004023.74,14.03.2024,00:40:23.74,"2,83","50,0916","19,2064"
20240314.042814.58,14.03.2024,04:28:14.58,"2,73","50,1758","19,3406"
20240315.003211.80,15.03.2024,00:32:11.80,"3,42","50,2007","19,0753"
20240315.061156.50,15.03.2024,06:11:56.50,"2,66","50,1761","19,3401"
20240315.123627.87,15.03.2024,12:36:27.87,"2,72","50,2008","19,0746"
20240315.195549.26,15.03.2024,19:55:49.26,"2,89","50,1023","19,3577"
20240316.023246.75,16.03.2024,02:32:46.75,"2,5","50,2282","18,8172"
20240316.084611.16,16.03.2024,08:46:11.16,"2,59","50,1759","19,3405"
20240316.094205.79,16.03.2024,09:42:05.79,"2,78","50,1945","18,692"
20240316.122019.89,16.03.2024,12:20:19.89,"2,88","50,2","18,6261"
20240316.144238.94,16.03.2024,14:42:38.94,"2,74","50,1025","19,3558"
20240317.180839.42,17.03.2024,18:08:39.42,"2,47","50,2165","18,784"
20240318.150524.17,18.03.2024,15:05:24.17,"2,59","50,1028","19,3558"
20240318.203644.40,18.03.2024,20:36:44.40,"2,58","50,1758","19,3412"
20240318.235058.12,18.03.2024,23:50:58.12,"2,44","50,1763","19,3398"
20240319.035440.00,19.03.2024,03:54:40.00,"2,37","50,1758","19,3411"
20240319.140214.32,19.03.2024,14:02:14.32,"2,57","50,1027","19,3556"
20240319.230056.65,19.03.2024,23:00:56.65,"2,79","50,176","19,3394"
20240320.022902.70,20.03.2024,02:29:02.70,"2,77","50,2312","18,8471"
20240320.133651.64,20.03.2024,13:36:51.64,"2,67","50,2007","19,0753"
20240320.152412.91,20.03.2024,15:24:12.91,"2,37","50,1762","19,3399"
20240320.193628.79,20.03.2024,19:36:28.79,"2,5","50,1035","19,355"
20240320.225207.52,20.03.2024,22:52:07.52,"2,57","50,1763","19,3394"
20240320.232534.81,20.03.2024,23:25:34.81,"2,82","50,1946","18,6914"
20240321.031605.36,21.03.2024,03:16:05.36,"2,61","50,1028","19,3555"
20240321.041747.92,21.03.2024,04:17:47.92,"2,69","50,0922","19,2072"
20240321.150030.85,21.03.2024,15:00:30.85,"2,7","50,2316","18,8465"
20240321.172254.49,21.03.2024,17:22:54.49,"2,6","50,1761","19,34"
20240321.202558.21,21.03.2024,20:25:58.21,"2,87","50,2282","18,8116"
20240321.220352.53,21.03.2024,22:03:52.53,"2,66","50,104","19,3384"
20240322.124318.18,22.03.2024,12:43:18.18,"3,14","50,2009","19,0756"
20240322.205109.57,22.03.2024,20:51:09.57,"3,19","50,1047","19,3572"
20240322.213322.95,22.03.2024,21:33:22.95,"2,49","50,0921","19,2071"
20240322.230229.60,22.03.2024,23:02:29.60,"2,63","50,1763","19,3402"
20240323.053155.77,23.03.2024,05:31:55.77,"2,77","50,1949","18,6924"
20240324.003139.84,24.03.2024,00:31:39.84,"3,1","50,0911","19,2066"
20240324.032644.07,24.03.2024,03:26:44.07,"2,64","50,2547","18,7424"
20240325.144724.26,25.03.2024,14:47:24.26,"2,79","50,2017","18,6266"
20240325.201931.70,25.03.2024,20:19:31.70,"3,09","50,201","19,0763"
20240325.232341.17,25.03.2024,23:23:41.17,"2,55","50,1763","19,3397"
20240326.040053.51,26.03.2024,04:00:53.51,"3,09","50,2009","19,0746"
20240326.052730.31,26.03.2024,05:27:30.31,"2,57","50,2311","18,8345"
20240326.134011.92,26.03.2024,13:40:11.92,"2,37","50,2313","18,8476"
20240326.144923.86,26.03.2024,14:49:23.86,"3,07","50,2133","18,7173"
20240326.160312.78,26.03.2024,16:03:12.78,"2,74","50,3559","18,8359"
20240326.233515.84,26.03.2024,23:35:15.84,"2,31","50,1764","19,34"
20240327.031438.74,27.03.2024,03:14:38.74,"2,63","50,1762","19,3395"
20240327.175019.17,27.03.2024,17:50:19.17,"2,76","50,201","19,076"
20240328.114414.36,28.03.2024,11:44:14.36,"2,34","50,2312","18,8469"
20240328.160252.46,28.03.2024,16:02:52.46,"2,7","50,1025","19,3553"
20240328.161456.53,28.03.2024,16:14:56.53,"2,7","50,1933","18,7984"
20240328.211020.94,28.03.2024,21:10:20.94,"2,46","50,1763","19,3395"
20240329.030208.19,29.03.2024,03:02:08.19,"2,5","50,1765","19,3396"
20240329.031819.43,29.03.2024,03:18:19.43,"2,64","50,089","19,1982"
20240329.134238.72,29.03.2024,13:42:38.72,"2,66","50,1793","18,6401"
20240329.192426.75,29.03.2024,19:24:26.75,"2,63","50,1804","19,0834"
20240329.230544.17,29.03.2024,23:05:44.17,"3,59","50,2011","19,076"
20240330.091608.97,30.03.2024,09:16:08.97,"2,76","50,1763","19,3398"
20240330.214212.05,30.03.2024,21:42:12.05,"3,02","50,1954","19,124"
20240331.160340.65,31.03.2024,16:03:40.65,"2,45","50,0665","18,4635"
20240402.093038.65,02.04.2024,09:30:38.65,"2,43","50,1765","19,34"
20240402.165406.98,02.04.2024,16:54:06.98,"2,67","50,1763","19,3406"
20240403.003455.87,03.04.2024,00:34:55.87,"2,81","50,1806","19,0818"
20240403.101256.60,03.04.2024,10:12:56.60,"2,58","50,1935","18,7976"
20240403.211528.82,03.04.2024,21:15:28.82,"2,58","50,2278","18,8163"
20240403.212744.10,03.04.2024,21:27:44.10,"2,57","50,1034","19,3544"
20240404.003732.71,04.04.2024,00:37:32.71,"2,64","50,1764","19,3402"
20240404.042236.49,04.04.2024,04:22:36.49,"3,06","50,0922","19,2063"
20240404.151640.85,04.04.2024,15:16:40.85,"2,63","50,1765","19,3398"
20240404.171202.16,04.04.2024,17:12:02.16,"2,57","50,2309","18,848"
20240404.173106.43,04.04.2024,17:31:06.43,"2,99","50,1953","18,6923"
20240404.215742.92,04.04.2024,21:57:42.92,"2,58","50,1764","19,3404"
20240405.011334.47,05.04.2024,01:13:34.47,"2,43","50,0907","19,1988"
20240405.184526.78,05.04.2024,18:45:26.78,"2,69","50,1948","18,695"
20240405.195524.88,05.04.2024,19:55:24.88,"2,23","50,0274","18,5414"
20240405.215657.97,05.04.2024,21:56:57.97,"2,36","50,1766","19,3416"
20240406.013443.75,06.04.2024,01:34:43.75,"2,57","50,1764","19,3404"
20240406.071413.03,06.04.2024,07:14:13.03,"2,31","50,1933","18,7972"
20240408.195624.16,08.04.2024,19:56:24.16,"2,61","50,1024","19,3549"
20240409.034402.29,09.04.2024,03:44:02.29,"2,52","50,1935","18,7971"
20240409.175717.12,09.04.2024,17:57:17.12,"2,45","50,0922","19,2074"
20240410.015739.85,10.04.2024,01:57:39.85,"2,72","50,2015","19,0748"
20240410.064143.54,10.04.2024,06:41:43.54,"2,99","50,2326","18,8694"
20240410.191723.01,10.04.2024,19:17:23.01,"2,42","50,2319","18,8479"
20240410.203516.11,10.04.2024,20:35:16.11,"2,97","50,228","18,8164"
20240411.040024.56,11.04.2024,04:00:24.56,"2,69","50,2013","19,0753"
20240411.165606.64,11.04.2024,16:56:06.64,"2,84","50,0922","19,2066"
20240411.183959.74,11.04.2024,18:39:59.74,"2,55","50,228","18,8186"
20240411.185802.79,11.04.2024,18:58:02.79,"2,9","50,2034","18,6296"
20240411.210028.89,11.04.2024,21:00:28.89,"3,23","50,2014","19,0751"
20240412.014518.68,12.04.2024,01:45:18.68,"2,92","50,1952","18,6923"
20240413.003623.69,13.04.2024,00:36:23.69,"2,65","50,1935","18,797"
20240413.042040.33,13.04.2024,04:20:40.33,"2,47","50,092","19,2077"
20240414.003245.65,14.04.2024,00:32:45.65,"2,56","50,1779","19,3393"
20240414.205724.64,14.04.2024,20:57:24.64,"2,49","50,1939","18,797"
20240414.212454.59,14.04.2024,21:24:54.59,"2,37","50,2015","19,0745"
20240416.083542.26,16.04.2024,08:35:42.26,"2,93","50,0897","19,351"
20240416.122817.49,16.04.2024,12:28:17.49,"2,88","50,1952","18,6947"
20240416.185838.86,16.04.2024,18:58:38.86,"2,02","50,0988","19,3582"
20240416.223444.98,16.04.2024,22:34:44.98,"2,69","50,1935","18,7981"
20240417.034450.81,17.04.2024,03:44:50.81,"2,49","50,1767","19,3406"
20240417.181923.51,17.04.2024,18:19:23.51,"2,83","50,2015","19,0756"
20240417.183541.18,17.04.2024,18:35:41.18,"3,16","50,1958","19,1213"
20240417.195245.97,17.04.2024,19:52:45.97,"2,71","50,1958","18,6929"
20240417.225817.30,17.04.2024,22:58:17.30,"2,78","50,0921","19,2062"
20240418.003813.81,18.04.2024,00:38:13.81,"2,48","50,1765","19,3403"
20240418.042343.68,18.04.2024,04:23:43.68,"2,57","50,1935","18,7963"
20240418.065013.34,18.04.2024,06:50:13.34,"3,09","50,0915","19,2053"
20240418.212615.64,18.04.2024,21:26:15.64,"3,13","50,2009","19,0748"
20240418.231025.50,18.04.2024,23:10:25.50,"2,37","50,0923","19,2071"
20240419.034115.28,19.04.2024,03:41:15.28,"2,3","50,0906","19,1987"
20240419.034540.91,19.04.2024,03:45:40.91,"2,67","50,1766","19,3402"
20240419.204433.71,19.04.2024,20:44:33.71,"2,44","50,193","18,7963"
20240420.080732.18,20.04.2024,08:07:32.18,"2,65","50,1956","18,6939"
20240420.081028.66,20.04.2024,08:10:28.66,"2,5","50,1768","19,3401"
20240420.142559.54,20.04.2024,14:25:59.54,"2,78","50,1821","19,0831"
20240422.222401.10,22.04.2024,22:24:01.10,"2,79","50,0913","19,2065"
20240422.225938.42,22.04.2024,22:59:38.42,"2,69","50,1767","19,3399"
20240423.003702.46,23.04.2024,00:37:02.46,"2,62","50,1764","19,3396"
20240423.093037.28,23.04.2024,09:30:37.28,"2,34","50,1932","18,7965"
20240423.173146.03,23.04.2024,17:31:46.03,"2,49","50,176","19,3416"
20240423.183857.33,23.04.2024,18:38:57.33,"2,98","50,0917","19,2072"
20240423.204215.68,23.04.2024,20:42:15.68,"2,64","50,1768","19,3403"
20240423.233232.58,23.04.2024,23:32:32.58,"2,4","50,2048","18,7898"
20240424.014140.76,24.04.2024,01:41:40.76,"2,46","50,1932","18,7957"
20240424.062132.98,24.04.2024,06:21:32.98,"2,78","50,0926","19,2066"
20240424.235215.98,24.04.2024,23:52:15.98,"2,63","50,2019","19,0763"
20240425.022233.30,25.04.2024,02:22:33.30,"3,11","50,0913","19,2059"
20240425.104237.85,25.04.2024,10:42:37.85,"2,09","50,0834","18,4569"
20240425.223343.62,25.04.2024,22:33:43.62,"2,51","50,1932","18,796"
20240425.231258.34,25.04.2024,23:12:58.34,"2,78","50,1767","19,3402"
20240426.032328.58,26.04.2024,03:23:28.58,"2,63","50,0913","19,2076"
20240426.034329.97,26.04.2024,03:43:29.97,"2,31","50,0916","19,2064"
20240426.143600.53,26.04.2024,14:36:00.53,"2,62","50,2013","19,0766"
20240426.151558.96,26.04.2024,15:15:58.96,"2,65","50,0916","19,2064"
20240426.152706.17,26.04.2024,15:27:06.17,"2,84","50,2008","19,0746"
20240426.154016.42,26.04.2024,15:40:16.42,"2,68","50,1819","19,0829"
20240426.183458.22,26.04.2024,18:34:58.22,"2,66","50,1683","18,6322"
20240427.062239.53,27.04.2024,06:22:39.53,"2,59","50,1768","19,34"
20240427.063657.93,27.04.2024,06:36:57.93,"2,46","50,0909","19,1988"
20240427.075248.70,27.04.2024,07:52:48.70,"2,46","50,1925","18,7977"
20240427.094428.41,27.04.2024,09:44:28.41,"1,97","50,0313","18,5207"
20240427.122054.17,27.04.2024,12:20:54.17,"2,66","50,2017","19,0765"
20240427.190035.22,27.04.2024,19:00:35.22,"2,98","50,2014","19,0765"
20240428.033248.77,28.04.2024,03:32:48.77,"2,76","50,1038","19,3533"
20240428.053109.68,28.04.2024,05:31:09.68,"2,8","50,0912","19,2067"
20240428.054344.31,28.04.2024,05:43:44.31,"2,67","50,1133","19,115"
20240428.063502.37,28.04.2024,06:35:02.37,"2,91","50,0917","19,2071"
20240428.100113.49,28.04.2024,10:01:13.49,"2,34","50,0911","19,1983"
20240428.111722.12,28.04.2024,11:17:22.12,"2,35","50,3511","18,8442"
20240429.033445.21,29.04.2024,03:34:45.21,"2,58","50,2041","19,0815"
20240429.152233.34,29.04.2024,15:22:33.34,"2,77","50,0906","19,1991"
20240430.035520.09,30.04.2024,03:55:20.09,"2,15","50,0824","18,4592"
20240430.064917.18,30.04.2024,06:49:17.18,"2,35","50,0911","19,2088"
20240430.075052.34,30.04.2024,07:50:52.34,"2,39","50,1933","18,796"
20240430.080351.72,30.04.2024,08:03:51.72,"2,39","50,1928","18,7973"
20240430.142220.95,30.04.2024,14:22:20.95,"2,94","50,2013","19,0761"
20240430.195906.93,30.04.2024,19:59:06.93,"3,08","50,0909","19,2063"
20240430.200314.19,30.04.2024,20:03:14.19,"2,73","50,2015","19,0747"
20240430.215845.59,30.04.2024,21:58:45.59,"2,48","50,1767","19,3406"
20240501.014223.71,01.05.2024,01:42:23.71,"2,94","50,0619","18,4652"
20240501.054713.63,01.05.2024,05:47:13.63,"2,63","50,1805","18,7406"
20240501.095937.02,01.05.2024,09:59:37.02,"2,76","50,1962","18,6931"
20240501.125903.21,01.05.2024,12:59:03.21,"2,4","50,1936","18,7959"
20240502.152303.38,02.05.2024,15:23:03.38,"2,41","50,1935","18,796"
20240503.000016.59,03.05.2024,00:00:16.59,"2,77","50,2009","19,0743"
20240503.041843.40,03.05.2024,04:18:43.40,"2,62","50,0916","19,2072"
20240503.185431.24,03.05.2024,18:54:31.24,"2,22","50,2068","19,0847"
20240506.124645.14,06.05.2024,12:46:45.14,"2,55","50,177","19,3398"
20240506.180034.99,06.05.2024,18:00:34.99,"2,29","50,1759","19,3415"
20240507.073112.02,07.05.2024,07:31:12.02,"2,76","50,2282","18,8167"
20240507.081004.72,07.05.2024,08:10:04.72,"2,84","50,0915","19,2089"
20240507.084021.55,07.05.2024,08:40:21.55,"2,05","50,0619","18,4467"
20240507.090622.01,07.05.2024,09:06:22.01,"2,62","50,2331","18,8491"
20240507.114524.10,07.05.2024,11:45:24.10,"2,78","50,201","19,0768"
20240507.120100.07,07.05.2024,12:01:00.07,"2,78","50,0914","19,2061"
20240507.172757.30,07.05.2024,17:27:57.30,"2,73","50,196","18,6936"
20240508.155207.78,08.05.2024,15:52:07.78,"2,97","50,201","19,0766"
20240508.172043.41,08.05.2024,17:20:43.41,"2,08","50,081","18,4593"
20240508.203333.23,08.05.2024,20:33:33.23,"2,7","50,0916","19,2071"
20240509.005705.02,09.05.2024,00:57:05.02,"2,42","50,1767","19,3399"
20240509.080824.44,09.05.2024,08:08:24.44,"2,57","50,0897","19,2069"
20240509.083031.92,09.05.2024,08:30:31.92,"2,46","50,0909","19,2052"
20240509.103419.25,09.05.2024,10:34:19.25,"2,23","50,1932","18,7959"
20240509.123434.50,09.05.2024,12:34:34.50,"2,34","50,1769","19,3397"
20240509.150209.97,09.05.2024,15:02:09.97,"2,29","50,0913","19,2078"
20240509.160355.90,09.05.2024,16:03:55.90,"2,15","50,0818","18,459"
20240509.225659.69,09.05.2024,22:56:59.69,"2,88","50,2015","19,0748"
20240509.232956.38,09.05.2024,23:29:56.38,"2,52","50,1766","19,3417"
20240510.005052.62,10.05.2024,00:50:52.62,"2,42","50,0821","18,4594"
20240510.175246.08,10.05.2024,17:52:46.08,"2,71","50,1964","18,6936"
20240510.210304.53,10.05.2024,21:03:04.53,"2,15","50,0822","18,4584"
20240510.214643.88,10.05.2024,21:46:43.88,"2,83","50,1034","19,3524"
20240511.064700.26,11.05.2024,06:47:00.26,"2,66","50,1769","19,3403"
20240511.065627.32,11.05.2024,06:56:27.32,"2,35","50,177","19,3404"
20240511.091135.94,11.05.2024,09:11:35.94,"2,32","50,2053","18,7901"
20240511.091306.81,11.05.2024,09:13:06.81,"2,64","50,1805","18,7421"
20240511.102148.81,11.05.2024,10:21:48.81,"2,79","50,0918","19,2074"
20240511.203457.10,11.05.2024,20:34:57.10,"2,71","50,1812","19,0784"
20240513.183136.44,13.05.2024,18:31:36.44,"2,65","50,201","19,0767"
20240513.211210.20,13.05.2024,21:12:10.20,"2,54","50,0911","19,208"
20240513.230350.80,13.05.2024,23:03:50.80,"2,15","50,177","19,34"
20240514.012933.78,14.05.2024,01:29:33.78,"3,2","50,1856","19,1036"
20240514.015929.21,14.05.2024,01:59:29.21,"2,86","50,2311","18,8355"
20240514.034907.73,14.05.2024,03:49:07.73,"2,46","50,1758","19,3419"
20240514.125023.51,14.05.2024,12:50:23.51,"2,83","50,0642","18,4638"
20240514.135546.36,14.05.2024,13:55:46.36,"2,72","50,0916","19,2076"
20240514.203001.56,14.05.2024,20:30:01.56,"2,45","50,0838","18,4604"
20240514.215254.01,14.05.2024,21:52:54.01,"2,66","50,1771","19,3398"
20240514.235328.54,14.05.2024,23:53:28.54,"2,18","50,0915","19,2061"
20240515.010251.60,15.05.2024,01:02:51.60,"2,66","50,1931","18,7958"
20240515.045732.64,15.05.2024,04:57:32.64,"2,32","50,2052","18,7899"
20240515.175556.05,15.05.2024,17:55:56.05,"2,59","50,1771","19,3409"
20240515.183133.35,15.05.2024,18:31:33.35,"2,63","50,177","19,3411"
20240516.030258.77,16.05.2024,03:02:58.77,"2,43","50,1771","19,3408"
20240516.054627.83,16.05.2024,05:46:27.83,"2,62","50,0892","19,2059"
20240516.114459.67,16.05.2024,11:44:59.67,"2,54","50,2285","18,816"
20240516.145322.72,16.05.2024,14:53:22.72,"2,24","50,084","18,4589"
20240516.215602.97,16.05.2024,21:56:02.97,"2,74","50,1772","19,3405"
20240517.130536.61,17.05.2024,13:05:36.61,"2,03","50,0829","18,4606"
20240517.162933.41,17.05.2024,16:29:33.41,"2,35","50,1767","19,342"
20240517.175541.15,17.05.2024,17:55:41.15,"2,45","50,0914","19,2076"
20240517.210302.16,17.05.2024,21:03:02.16,"2,87","50,203","18,6289"
20240517.215425.85,17.05.2024,21:54:25.85,"2,69","50,1015","19,3514"
20240518.024030.13,18.05.2024,02:40:30.13,"2,58","50,1022","19,3574"
20240518.033159.64,18.05.2024,03:31:59.64,"2,34","50,1767","19,3394"
20240518.104844.41,18.05.2024,10:48:44.41,"2,58","50,0908","19,2076"
20240518.202921.19,18.05.2024,20:29:21.19,"2,98","50,1952","18,6953"
20240519.101157.34,19.05.2024,10:11:57.34,"2,26","50,0917","19,2072"
20240519.220617.38,19.05.2024,22:06:17.38,"2,37","50,0283","18,5179"
20240520.010935.81,20.05.2024,01:09:35.81,"2,5","50,202","19,0762"
20240520.160710.91,20.05.2024,16:07:10.91,"2,51","50,1848","19,3421"
20240520.214839.76,20.05.2024,21:48:39.76,"2,65","50,1771","19,3406"
20240521.043026.64,21.05.2024,04:30:26.64,"2,43","50,035","18,5201"
20240521.120508.05,21.05.2024,12:05:08.05,"2,14","50,0912","19,1983"
20240521.194011.20,21.05.2024,19:40:11.20,"2,43","50,1768","19,3396"
20240522.043953.42,22.05.2024,04:39:53.42,"2,27","50,1771","19,3406"
20240522.123017.91,22.05.2024,12:30:17.91,"2,41","50,0911","19,2077"
20240522.201459.80,22.05.2024,20:14:59.80,"2,94","50,0634","18,4657"
20240522.203122.53,22.05.2024,20:31:22.53,"2,28","50,1772","19,3405"
20240522.220240.81,22.05.2024,22:02:40.81,"2,57","50,1771","19,3407"
20240523.171056.34,23.05.2024,17:10:56.34,"2,73","50,103","19,3507"
20240523.191928.38,23.05.2024,19:19:28.38,"2,34","50,177","19,3415"
20240523.195756.79,23.05.2024,19:57:56.79,"2,49","50,1774","19,3404"
20240523.214056.53,23.05.2024,21:40:56.53,"2,22","50,177","19,3402"
20240523.224228.51,23.05.2024,22:42:28.51,"2,22","50,177","19,3424"
20240524.001410.51,24.05.2024,00:14:10.51,"2,02","49,9781","18,6104"
20240524.070447.67,24.05.2024,07:04:47.67,"2,4","50,0904","19,2073"
20240524.194239.10,24.05.2024,19:42:39.10,"2,51","50,2052","18,7896"
20240524.221812.65,24.05.2024,22:18:12.65,"2,4","50,1774","19,3405"
20240525.154234.06,25.05.2024,15:42:34.06,3,"50,3684","18,8818"
20240527.170653.07,27.05.2024,17:06:53.07,"2,34","50,0835","18,4615"
20240528.003544.16,28.05.2024,00:35:44.16,"2,08","50,0915","19,2074"
20240528.010042.20,28.05.2024,01:00:42.20,"2,33","50,1776","19,3405"
20240528.165148.31,28.05.2024,16:51:48.31,"2,3","50,1772","19,3403"
20240528.215803.89,28.05.2024,21:58:03.89,"2,41","50,1774","19,3403"
20240528.222505.24,28.05.2024,22:25:05.24,"2,8","50,0614","19,3433"
20240529.074542.40,29.05.2024,07:45:42.40,"2,15","50,1652","19,3462"
20240529.075138.32,29.05.2024,07:51:38.32,"2,82","50,1961","18,695"
20240529.082122.06,29.05.2024,08:21:22.06,"2,55","50,2285","18,8164"
20240529.134848.77,29.05.2024,13:48:48.77,"2,83","50,0913","19,2066"
20240529.153316.45,29.05.2024,15:33:16.45,"2,52","50,1776","19,34"
20240529.221417.58,29.05.2024,22:14:17.58,"2,09","50,1774","19,3402"
20240530.000713.18,30.05.2024,00:07:13.18,"2,58","50,1751","19,3414"
20240530.035818.25,30.05.2024,03:58:18.25,"2,29","50,1774","19,3401"
20240530.073057.55,30.05.2024,07:30:57.55,"2,59","50,1772","19,3405"
20240530.123806.95,30.05.2024,12:38:06.95,"2,9","50,1881","19,0823"
20240531.000441.48,31.05.2024,00:04:41.48,"2,71","50,1014","19,3513"
20240531.020454.67,31.05.2024,02:04:54.67,"2,38","50,196","18,6938"
20240531.160012.26,31.05.2024,16:00:12.26,"2,21","50,1776","19,341"
20240531.214108.53,31.05.2024,21:41:08.53,"2,43","50,1775","19,3404"
20240601.064809.79,01.06.2024,06:48:09.79,"2,59","50,1777","19,3409"
20240601.070225.46,01.06.2024,07:02:25.46,"2,3","50,1771","19,3399"
20240601.105321.71,01.06.2024,10:53:21.71,"2,43","50,0918","19,2072"
20240601.140652.80,01.06.2024,14:06:52.80,"2,86","50,183","19,0828"
20240603.114041.63,03.06.2024,11:40:41.63,"2,56","50,0997","19,3548"
20240603.164514.17,03.06.2024,16:45:14.17,"2,15","50,0841","18,459"
20240603.190344.27,03.06.2024,19:03:44.27,"2,4","50,2049","18,7895"
20240603.212526.91,03.06.2024,21:25:26.91,"2,56","50,1775","19,3407"
20240604.033733.16,04.06.2024,03:37:33.16,"2,15","50,1781","19,3407"
20240604.105401.94,04.06.2024,10:54:01.94,"2,65","50,0916","19,2074"
20240604.185644.46,04.06.2024,18:56:44.46,"1,99","50,0836","18,4597"
20240604.201435.58,04.06.2024,20:14:35.58,"2,44","50,1776","19,3407"
20240604.223244.23,04.06.2024,22:32:44.23,"2,66","50,2359","18,7394"
20240605.032800.32,05.06.2024,03:28:00.32,"2,42","50,1776","19,3406"
20240605.153658.95,05.06.2024,15:36:58.95,"2,74","50,1961","18,6941"
20240605.231435.84,05.06.2024,23:14:35.84,"2,49","50,0831","18,4602"
20240606.095856.23,06.06.2024,09:58:56.23,"2,1","50,1778","19,3408"
20240606.101502.36,06.06.2024,10:15:02.36,"2,36","50,1772","19,3398"
20240607.003218.05,07.06.2024,00:32:18.05,"2,46","50,2055","18,7901"
20240607.014841.29,07.06.2024,01:48:41.29,"2,67","50,1777","19,3404"
20240607.121637.62,07.06.2024,12:16:37.62,"2,5","50,1032","19,3511"
20240607.221629.15,07.06.2024,22:16:29.15,"2,84","50,0907","19,1983"
20240607.223137.28,07.06.2024,22:31:37.28,"1,86","50,1779","19,3412"
20240608.022324.00,08.06.2024,02:23:24.00,"2,06","50,1782","19,3399"
20240608.045609.40,08.06.2024,04:56:09.40,"2,12","50,0915","19,2062"
20240608.070713.70,08.06.2024,07:07:13.70,"2,48","50,0869","19,2058"
20240608.075809.99,08.06.2024,07:58:09.99,"2,52","50,1777","19,3402"
20240608.220911.93,08.06.2024,22:09:11.93,"2,19","50,1777","19,3403"
20240610.194508.84,10.06.2024,19:45:08.84,"2,54","50,0834","18,4605"
20240610.215005.90,10.06.2024,21:50:05.90,"2,38","50,1776","19,34"
20240611.003746.42,11.06.2024,00:37:46.42,"2,75","50,2287","18,8163"
20240611.151746.23,11.06.2024,15:17:46.23,"2,39","50,178","19,3408"
20240611.223153.86,11.06.2024,22:31:53.86,"2,34","50,1779","19,3406"
20240611.234941.55,11.06.2024,23:49:41.55,"2,32","50,0915","19,208"
20240612.035347.71,12.06.2024,03:53:47.71,"3,01","50,2036","18,6334"
20240612.194912.66,12.06.2024,19:49:12.66,"2,58","50,2141","19,0704"
20240612.203426.65,12.06.2024,20:34:26.65,"2,18","50,1774","19,3414"
20240613.024601.03,13.06.2024,02:46:01.03,"2,48","50,1776","19,3407"
20240613.212548.40,13.06.2024,21:25:48.40,"1,97","50,1778","19,3407"
20240614.140443.19,14.06.2024,14:04:43.19,"2,36","50,1779","19,3413"
20240614.220244.30,14.06.2024,22:02:44.30,"2,25","50,1775","19,341"
20240616.000955.03,16.06.2024,00:09:55.03,"3,2","50,2124","18,7153"
20240617.025522.20,17.06.2024,02:55:22.20,"2,42","50,2287","18,8182"
20240617.075232.32,17.06.2024,07:52:32.32,"2,32","50,1781","19,3405"
20240617.171124.65,17.06.2024,17:11:24.65,"2,49","50,2184","19,0275"
20240617.221200.25,17.06.2024,22:12:00.25,"2,31","50,1781","19,3419"
20240618.013435.70,18.06.2024,01:34:35.70,"2,57","50,0835","18,4588"
20240618.103700.68,18.06.2024,10:37:00.68,"2,47","50,178","19,3402"
20240618.201854.83,18.06.2024,20:18:54.83,"2,43","50,1779","19,3413"
20240619.000545.15,19.06.2024,00:05:45.15,"2,53","50,1012","19,3706"
20240619.151150.22,19.06.2024,15:11:50.22,"2,31","50,1775","19,3405"
20240620.132951.39,20.06.2024,13:29:51.39,"2,59","50,0843","18,4589"
20240620.150446.28,20.06.2024,15:04:46.28,"2,12","50,1782","19,3405"
20240620.202331.06,20.06.2024,20:23:31.06,"2,44","50,1775","19,3413"
20240621.001913.40,21.06.2024,00:19:13.40,"2,88","50,1834","19,0822"
20240621.144343.22,21.06.2024,14:43:43.22,"2,74","50,2295","18,8199"
20240621.155816.94,21.06.2024,15:58:16.94,"3,02","50,2032","18,6299"
20240621.160424.19,21.06.2024,16:04:24.19,"2,62","50,1777","19,3412"
20240621.165752.40,21.06.2024,16:57:52.40,"2,85","50,2029","19,0749"
20240622.020413.47,22.06.2024,02:04:13.47,"2,47","50,0834","18,4619"
20240622.024723.99,22.06.2024,02:47:23.99,"2,3","50,1781","19,3416"
20240622.152301.61,22.06.2024,15:23:01.61,"2,21","50,1785","18,7428"
20240622.235209.79,22.06.2024,23:52:09.79,"2,47","50,0922","19,2077"
20240623.220911.00,23.06.2024,22:09:11.00,"2,28","50,0839","18,4604"
20240624.090925.98,24.06.2024,09:09:25.98,"2,19","50,1781","19,3407"
20240624.211456.80,24.06.2024,21:14:56.80,"2,13","50,1782","19,3409"
20240625.000700.50,25.06.2024,00:07:00.50,"1,9","50,0833","18,4579"
20240625.003504.99,25.06.2024,00:35:04.99,"2,32","50,026","18,5234"
20240625.003700.45,25.06.2024,00:37:00.45,"3,13","50,3474","18,8462"
20240625.013026.23,25.06.2024,01:30:26.23,"2,34","50,1782","19,3409"
20240625.095343.80,25.06.2024,09:53:43.80,"2,3","50,0827","18,4598"
20240625.164855.93,25.06.2024,16:48:55.93,"2,25","50,1782","19,3406"
20240625.221331.78,25.06.2024,22:13:31.78,"2,32","50,0834","18,461"
20240625.224715.96,25.06.2024,22:47:15.96,"2,23","50,0825","18,461"
20240626.131809.65,26.06.2024,13:18:09.65,"2,71","50,1758","19,3417"
20240626.134520.08,26.06.2024,13:45:20.08,"2,25","50,1784","19,3409"
20240626.135812.43,26.06.2024,13:58:12.43,"3,28","50,2023","19,0746"
20240627.130040.55,27.06.2024,13:00:40.55,"2,77","50,1962","18,6944"
20240627.132832.34,27.06.2024,13:28:32.34,"2,39","50,1781","19,3411"
20240627.143549.16,27.06.2024,14:35:49.16,"2,16","50,1664","19,3465"
20240627.215953.28,27.06.2024,21:59:53.28,"2,26","50,1781","19,3402"
20240627.222128.29,27.06.2024,22:21:28.29,"2,03","50,1783","19,3404"
20240628.101003.61,28.06.2024,10:10:03.61,"2,44","50,178","19,3404"
20240628.204307.67,28.06.2024,20:43:07.67,"2,4","50,0835","18,458"
20240628.210337.73,28.06.2024,21:03:37.73,"2,94","50,2287","18,8202"
20240629.011708.06,29.06.2024,01:17:08.06,"2,32","50,0259","18,523"
20240629.130445.22,29.06.2024,13:04:45.22,"2,66","50,2015","19,0751"
20240630.082006.84,30.06.2024,08:20:06.84,"2,77","50,2732","18,8238"
20240630.223951.96,30.06.2024,22:39:51.96,"2,69","50,094","19,2063"
20240701.095130.21,01.07.2024,09:51:30.21,"2,68","50,2032","18,6314"
20240701.100614.25,01.07.2024,10:06:14.25,"2,74","50,2044","18,6311"
20240701.143114.79,01.07.2024,14:31:14.79,"2,58","50,2032","19,0752"
20240701.193028.76,01.07.2024,19:30:28.76,"2,4","50,1837","19,0822"
20240702.092217.43,02.07.2024,09:22:17.43,"3,24","50,2021","19,076"
20240702.222709.24,02.07.2024,22:27:09.24,"1,89","50,0829","18,4606"
20240702.225547.93,02.07.2024,22:55:47.93,"1,89","50,0831","18,4595"
20240702.225603.92,02.07.2024,22:56:03.92,"2,1","50,0834","18,4601"
20240702.230242.26,02.07.2024,23:02:42.26,"2,31","50,1027","19,3505"
20240703.182844.18,03.07.2024,18:28:44.18,"2,41","50,2312","18,8338"
20240703.195241.81,03.07.2024,19:52:41.81,"2,36","50,1786","19,3406"
20240704.033446.10,04.07.2024,03:34:46.10,"2,53","50,1785","19,3406"
20240704.063511.92,04.07.2024,06:35:11.92,"2,79","50,1684","18,6344"
20240704.223925.56,04.07.2024,22:39:25.56,"2,58","50,0829","18,4613"
20240705.001312.16,05.07.2024,00:13:12.16,"2,62","50,1784","19,3403"
20240705.171631.17,05.07.2024,17:16:31.17,"2,49","50,1845","19,083"
20240705.183628.16,05.07.2024,18:36:28.16,"2,45","50,1786","19,3403"
20240705.202143.71,05.07.2024,20:21:43.71,"2,71","50,2027","19,0752"
20240706.012829.09,06.07.2024,01:28:29.09,"3,03","50,2029","18,631"
20240706.040805.05,06.07.2024,04:08:05.05,"2,36","50,1784","19,3405"
20240707.163953.46,07.07.2024,16:39:53.46,"2,31","50,2222","19,0303"
20240708.074753.35,08.07.2024,07:47:53.35,"3,04","50,2018","19,0751"
20240708.190310.30,08.07.2024,19:03:10.30,"1,99","50,0832","18,4619"
20240708.201634.88,08.07.2024,20:16:34.88,"2,33","50,1783","19,3412"
20240709.191759.77,09.07.2024,19:17:59.77,"2,52","50,0214","18,5233"
20240709.204357.52,09.07.2024,20:43:57.52,"3,13","50,2037","19,0758"
20240710.010150.44,10.07.2024,01:01:50.44,"2,63","50,1026","19,3504"
20240710.142445.24,10.07.2024,14:24:45.24,"2,17","50,0822","18,4585"
20240710.161338.78,10.07.2024,16:13:38.78,"2,22","50,1786","19,3406"
20240711.031308.09,11.07.2024,03:13:08.09,"2,43","50,0909","19,198"
20240711.061609.52,11.07.2024,06:16:09.52,"3,2","50,0626","18,4561"
20240711.190044.49,11.07.2024,19:00:44.49,"2,4","50,064","18,5694"
20240711.202807.37,11.07.2024,20:28:07.37,"3,14","50,2026","19,0763"
20240711.203533.05,11.07.2024,20:35:33.05,"2,12","50,1786","19,3404"
20240711.230255.52,11.07.2024,23:02:55.52,"2,41","50,0281","18,5408"
20240712.051419.19,12.07.2024,05:14:19.19,"2,82","50,18","18,7445"
20240712.204347.13,12.07.2024,20:43:47.13,"2,58","50,1028","19,3504"
20240713.001051.17,13.07.2024,00:10:51.17,"2,15","50,0918","19,2081"
20240713.202517.60,13.07.2024,20:25:17.60,"2,75","50,2394","18,7435"
20240713.224428.47,13.07.2024,22:44:28.47,"3,94","50,0629","18,4529"
20240713.230511.24,13.07.2024,23:05:11.24,"2,55","50,1845","19,0829"
20240715.100210.36,15.07.2024,10:02:10.36,"2,14","50,0914","19,1992"
20240715.105336.06,15.07.2024,10:53:36.06,"2,19","50,1786","19,3413"
20240715.140638.18,15.07.2024,14:06:38.18,"2,3","50,1023","19,3505"
20240715.141223.75,15.07.2024,14:12:23.75,"1,78","50,2297","18,8332"
20240715.180912.29,15.07.2024,18:09:12.29,"2,71","50,2046","18,6329"
20240716.001609.32,16.07.2024,00:16:09.32,"2,54","50,1843","19,0822"
20240716.185112.31,16.07.2024,18:51:12.31,"3,03","50,2025","19,0751"
20240717.172807.85,17.07.2024,17:28:07.85,"2,24","50,1021","19,3502"
20240718.105141.51,18.07.2024,10:51:41.51,"2,74","50,2044","18,6315"
20240718.150948.30,18.07.2024,15:09:48.30,"2,09","50,1015","19,3507"
20240718.170218.17,18.07.2024,17:02:18.17,"2,88","50,1845","19,0827"
20240719.144430.34,19.07.2024,14:44:30.34,"2,21","50,082","18,461"
20240719.165328.80,19.07.2024,16:53:28.80,"2,06","50,1788","19,3404"
20240719.214238.75,19.07.2024,21:42:38.75,"3,17","50,202","19,0745"
20240720.013514.81,20.07.2024,01:35:14.81,"1,65","50,0818","18,4598"
20240720.172432.20,20.07.2024,17:24:32.20,"2,54","50,1933","18,795"
20240720.181432.57,20.07.2024,18:14:32.57,"2,44","50,0867","19,2061"
20240722.234458.15,22.07.2024,23:44:58.15,"2,38","50,1022","19,3678"
20240725.040652.89,25.07.2024,04:06:52.89,"3,02","50,202","19,074"
20240725.184452.00,25.07.2024,18:44:52.00,"2,29","50,2185","19,0265"
20240726.031038.48,26.07.2024,03:10:38.48,"2,56","50,1008","19,3682"
20240726.215345.10,26.07.2024,21:53:45.10,"2,56","50,1005","19,3685"
20240726.231737.99,26.07.2024,23:17:37.99,"2,19","50,0818","18,4597"
20240727.000829.23,27.07.2024,00:08:29.23,"2,5","50,2216","19,0358"
20240727.133826.85,27.07.2024,13:38:26.85,"2,59","50,1001","19,3693"
20240728.032838.21,28.07.2024,03:28:38.21,"2,99","50,2019","19,0751"
20240729.015645.89,29.07.2024,01:56:45.89,"2,77","50,2025","19,0766"
20240729.063857.73,29.07.2024,06:38:57.73,"2,16","50,239","18,893"
20240729.133716.25,29.07.2024,13:37:16.25,"2,53","50,1005","19,3684"
20240729.134359.65,29.07.2024,13:43:59.65,"3,13","50,1017","19,3502"
20240729.163921.21,29.07.2024,16:39:21.21,"2,61","50,1002","19,369"
20240730.025311.59,30.07.2024,02:53:11.59,"2,06","50,0814","18,46"
20240730.194030.88,30.07.2024,19:40:30.88,"2,41","50,0212","18,5224"
20240731.003855.95,31.07.2024,00:38:55.95,"2,83","50,2027","19,0749"
20240731.191124.39,31.07.2024,19:11:24.39,"2,62","50,1009","19,3682"
20240801.032403.79,01.08.2024,03:24:03.79,"2,84","50,203","19,0747"
20240801.073955.99,01.08.2024,07:39:55.99,"2,42","50,092","19,2089"
20240801.074657.85,01.08.2024,07:46:57.85,"2,18","50,0921","19,2082"
20240801.200019.98,01.08.2024,20:00:19.98,"2,52","50,0818","18,459"
20240802.041239.44,02.08.2024,04:12:39.44,"2,55","50,1005","19,3675"
20240802.143753.20,02.08.2024,14:37:53.20,"2,32","50,2404","18,8904"
20240802.164742.02,02.08.2024,16:47:42.02,"2,58","50,1026","19,3499"
20240802.222251.79,02.08.2024,22:22:51.79,"2,19","50,2309","18,8333"
20240802.223504.51,02.08.2024,22:35:04.51,"2,72","50,1001","19,3693"
20240803.002907.49,03.08.2024,00:29:07.49,"3,04","50,2027","19,0751"
20240803.095647.50,03.08.2024,09:56:47.50,"2,62","50,0998","19,3688"
20240804.231519.72,04.08.2024,23:15:19.72,"2,72","50,0217","18,5241"
20240805.091132.45,05.08.2024,09:11:32.45,"2,51","50,1005","19,3675"
20240805.150746.46,05.08.2024,15:07:46.46,"2,44","50,1851","19,0827"
20240805.152251.89,05.08.2024,15:22:51.89,"2,32","50,1009","19,3677"
20240805.203754.91,05.08.2024,20:37:54.91,"2,28","50,0906","19,2078"
20240805.231920.14,05.08.2024,23:19:20.14,"2,45","50,1006","19,3692"
20240806.014721.23,06.08.2024,01:47:21.23,"2,69","50,1003","19,3681"
20240806.015851.36,06.08.2024,01:58:51.36,"2,06","50,0819","18,4604"
20240806.020658.50,06.08.2024,02:06:58.50,"2,7","50,1849","19,083"
20240806.075709.85,06.08.2024,07:57:09.85,"2,77","50,2021","18,6325"
20240806.145235.01,06.08.2024,14:52:35.01,"2,88","50,203","19,0756"
20240807.003353.87,07.08.2024,00:33:53.87,"2,59","50,1001","19,3695"
20240807.011210.94,07.08.2024,01:12:10.94,"2,36","50,0999","19,3712"
20240807.144309.19,07.08.2024,14:43:09.19,"2,9","50,2032","19,0752"
20240807.201330.58,07.08.2024,20:13:30.58,"2,54","50,1018","19,3496"
20240807.210200.80,07.08.2024,21:02:00.80,"2,64","50,2733","18,8161"
20240807.235653.69,07.08.2024,23:56:53.69,"2,66","50,1005","19,3681"
20240808.003619.23,08.08.2024,00:36:19.23,"2,56","50,0817","18,4598"
20240808.024506.99,08.08.2024,02:45:06.99,"2,74","50,2055","18,6338"
20240808.122409.60,08.08.2024,12:24:09.60,"2,77","50,0996","19,3698"
20240808.134424.93,08.08.2024,13:44:24.93,"2,58","50,1005","19,3683"
20240808.191848.11,08.08.2024,19:18:48.11,"2,43","50,0997","19,3701"
20240809.013359.80,09.08.2024,01:33:59.80,"2,75","50,0999","19,3689"
20240809.025825.31,09.08.2024,02:58:25.31,"2,44","50,1003","19,3676"
20240809.041200.24,09.08.2024,04:12:00.24,"2,49","50,1848","19,0829"
20240809.132750.47,09.08.2024,13:27:50.47,"2,63","50,0631","19,3675"
20240809.134424.38,09.08.2024,13:44:24.38,"2,84","50,0637","19,3674"
20240809.225350.01,09.08.2024,22:53:50.01,"2,65","50,0609","19,3488"
20240810.002257.66,10.08.2024,00:22:57.66,"2,31","50,2054","18,6356"
20240810.045832.51,10.08.2024,04:58:32.51,"2,92","50,2024","19,0767"
20240810.095114.76,10.08.2024,09:51:14.76,"2,58","50,0637","19,3686"
20240811.025442.60,11.08.2024,02:54:42.60,"2,68","50,0638","19,3665"
20240812.114013.68,12.08.2024,11:40:13.68,"2,59","50,1854","19,082"
20240812.133128.81,12.08.2024,13:31:28.81,"2,75","50,0639","19,3685"
20240812.214844.06,12.08.2024,21:48:44.06,"2,22","50,2405","18,8894"
20240813.020832.59,13.08.2024,02:08:32.59,"2,35","50,2368","18,7413"
20240813.132147.79,13.08.2024,13:21:47.79,"2,61","50,0637","19,3685"
20240813.181820.32,13.08.2024,18:18:20.32,"2,25","50,0809","18,4592"
20240813.192921.04,13.08.2024,19:29:21.04,"2,59","50,0639","19,3691"
20240814.010207.85,14.08.2024,01:02:07.85,"2,75","50,0636","19,3674"
20240814.030649.50,14.08.2024,03:06:49.50,"3,02","50,2035","19,0758"
20240814.030844.84,14.08.2024,03:08:44.84,"2,46","50,2034","19,0755"
20240814.104035.91,14.08.2024,10:40:35.91,"2,4","50,0902","19,2082"
20240814.112115.03,14.08.2024,11:21:15.03,"2,56","50,1001","19,3679"
20240814.181509.90,14.08.2024,18:15:09.90,"2,51","50,0997","19,3697"
20240814.192809.23,14.08.2024,19:28:09.23,"2,69","50,1855","19,0827"
20240814.200640.36,14.08.2024,20:06:40.36,"2,64","50,1002","19,369"
20240814.201033.11,14.08.2024,20:10:33.11,"2,33","50,2053","18,6354"
20240815.005615.50,15.08.2024,00:56:15.50,"2,4","50,1003","19,3664"
20240815.050812.51,15.08.2024,05:08:12.51,"2,52","50,0999","19,3687"
20240815.083832.32,15.08.2024,08:38:32.32,"2,56","50,0997","19,3678"
20240815.095834.37,15.08.2024,09:58:34.37,"2,55","50,1022","19,3496"
20240815.101429.14,15.08.2024,10:14:29.14,"2,15","50,2409","18,8894"
20240815.101843.19,15.08.2024,10:18:43.19,"2,67","50,1753","18,6622"
20240816.092216.05,16.08.2024,09:22:16.05,"2,55","50,2035","19,0751"
20240817.001232.55,17.08.2024,00:12:32.55,"3,02","50,2034","19,0765"
20240817.012831.07,17.08.2024,01:28:31.07,"2,52","50,0998","19,3689"
20240817.022958.89,17.08.2024,02:29:58.89,"2,47","50,0229","18,5254"
20240817.023534.99,17.08.2024,02:35:34.99,"2,85","50,1854","19,083"
20240817.221113.99,17.08.2024,22:11:13.99,"2,6","50,1058","19,3605"
20240818.064013.52,18.08.2024,06:40:13.52,"2,7","50,0996","19,369"
20240819.094045.57,19.08.2024,09:40:45.57,"2,55","50,0996","19,3678"
20240819.155432.90,19.08.2024,15:54:32.90,"2,46","50,0996","19,3707"
20240819.162403.50,19.08.2024,16:24:03.50,"2,24","50,0995","19,3697"
20240819.181543.99,19.08.2024,18:15:43.99,"2,4","50,081","18,4598"
20240820.120055.81,20.08.2024,12:00:55.81,"2,46","50,0998","19,3686"
20240820.123628.86,20.08.2024,12:36:28.86,"2,69","50,2046","18,636"
20240820.132501.48,20.08.2024,13:25:01.48,"2,99","50,2029","19,0753"
20240821.152224.18,21.08.2024,15:22:24.18,"2,44","50,0991","19,3703"
20240821.184505.80,21.08.2024,18:45:05.80,"2,61","50,1013","19,3493"
20240822.005124.15,22.08.2024,00:51:24.15,"2,56","50,2031","19,077"
20240823.022205.23,23.08.2024,02:22:05.23,"2,36","50,1014","19,3674"
20240823.030455.75,23.08.2024,03:04:55.75,"2,31","50,0999","19,3678"
20240823.083914.54,23.08.2024,08:39:14.54,"2,82","50,1668","19,3471"
20240823.105550.73,23.08.2024,10:55:50.73,"2,18","50,0816","18,4598"
20240823.152921.46,23.08.2024,15:29:21.46,"2,53","50,0996","19,3698"
20240823.181731.46,23.08.2024,18:17:31.46,"2,32","50,1307","19,1829"
20240823.181837.03,23.08.2024,18:18:37.03,"2,52","50,028","18,5178"
20240823.223653.44,23.08.2024,22:36:53.44,"2,68","50,1966","18,6945"
20240824.190444.66,24.08.2024,19:04:44.66,"2,4","50,205","18,6364"
20240825.013217.89,25.08.2024,01:32:17.89,"2,37","50,2034","19,0769"
20240826.080131.48,26.08.2024,08:01:31.48,"2,86","50,1856","19,0825"
20240826.143018.76,26.08.2024,14:30:18.76,"2,33","50,2412","18,8972"
20240826.151905.72,26.08.2024,15:19:05.72,"2,47","50,1017","19,3488"
20240826.224526.77,26.08.2024,22:45:26.77,"2,77","50,0993","19,3704"
20240827.050120.57,27.08.2024,05:01:20.57,"2,43","50,1674","19,3458"
20240827.062015.56,27.08.2024,06:20:15.56,"1,85","50,1671","19,3471"
20240827.204456.17,27.08.2024,20:44:56.17,"2,57","50,1863","19,0824"
20240827.231732.09,27.08.2024,23:17:32.09,"2,47","50,1921","18,6764"
20240828.004055.81,28.08.2024,00:40:55.81,"2,32","50,0995","19,3675"
20240828.141335.66,28.08.2024,14:13:35.66,"2,32","50,0998","19,3686"
20240828.142556.96,28.08.2024,14:25:56.96,"2,89","50,2034","19,0769"
20240828.163422.95,28.08.2024,16:34:22.95,"2,31","50,24","18,8877"
20240828.171123.03,28.08.2024,17:11:23.03,"2,89","50,1859","19,0752"
20240828.214905.11,28.08.2024,21:49:05.11,"2,6","50,0997","19,3675"
20240829.001521.84,29.08.2024,00:15:21.84,"2,26","50,1313","19,1824"
20240829.132459.26,29.08.2024,13:24:59.26,"2,75","50,1008","19,3674"
20240829.132458.82,29.08.2024,13:24:58.82,"2,46","50,0996","19,3683"
20240829.141058.70,29.08.2024,14:10:58.70,"2,85","50,1672","19,3467"
20240829.181224.84,29.08.2024,18:12:24.84,"2,91","50,0998","19,3691"
20240829.203624.75,29.08.2024,20:36:24.75,"2,4","50,2404","18,8877"
20240830.163018.84,30.08.2024,16:30:18.84,"2,51","50,2409","18,8866"
20240830.203113.24,30.08.2024,20:31:13.24,"2,49","50,0991","19,3689"
20240831.012718.83,31.08.2024,01:27:18.83,"2,59","50,0993","19,3686"
20240831.130734.50,31.08.2024,13:07:34.50,"2,84","50,1859","19,0831"
20240831.190327.47,31.08.2024,19:03:27.47,"2,47","50,0993","19,3669"
20240901.020114.09,01.09.2024,02:01:14.09,"2,92","50,211","18,7153"
20240901.161432.03,01.09.2024,16:14:32.03,"2,86","50,2061","18,6348"
20240902.120709.01,02.09.2024,12:07:09.01,"2,25","50,167","19,3469"
20240902.124619.43,02.09.2024,12:46:19.43,"2,53","50,1857","19,0821"
20240902.170843.09,02.09.2024,17:08:43.09,"2,69","50,0993","19,3702"
20240903.012540.30,03.09.2024,01:25:40.30,"2,44","50,1674","19,3465"
20240903.014241.44,03.09.2024,01:42:41.44,"2,59","50,205","18,6329"
20240903.133722.73,03.09.2024,13:37:22.73,"2,5","50,2277","18,8213"
20240903.141640.11,03.09.2024,14:16:40.11,"2,79","50,1032","19,3738"
20240903.142719.89,03.09.2024,14:27:19.89,"2,6","50,0998","19,3686"
20240903.150723.04,03.09.2024,15:07:23.04,"2,6","50,0985","19,3693"
20240903.174429.44,03.09.2024,17:44:29.44,"2,04","50,0822","18,4585"
20240903.185535.30,03.09.2024,18:55:35.30,"2,67","50,1859","19,0825"
20240903.231053.10,03.09.2024,23:10:53.10,"2,74","50,0996","19,3679"
20240904.084648.44,04.09.2024,08:46:48.44,"2,26","50,1674","19,3462"
20240904.090813.79,04.09.2024,09:08:13.79,"2,55","50,1924","18,6763"
20240904.093923.40,04.09.2024,09:39:23.40,"2,54","50,099","19,3701"
20240904.161236.54,04.09.2024,16:12:36.54,"2,48","50,0823","18,4579"
20240904.193520.24,04.09.2024,19:35:20.24,"2,86","50,2205","19,0247"
20240904.233003.67,04.09.2024,23:30:03.67,"2,7","50,0998","19,3673"
20240905.063744.03,05.09.2024,06:37:44.03,"2,26","50,0988","19,3689"
20240905.142629.63,05.09.2024,14:26:29.63,"2,58","50,2129","19,31"
20240905.150649.46,05.09.2024,15:06:49.46,"2,52","50,1857","19,0828"
20240905.162441.99,05.09.2024,16:24:41.99,"3,62","50,0829","18,4577"
20240905.213552.25,05.09.2024,21:35:52.25,"2,58","50,0993","19,368"
20240905.220010.79,05.09.2024,22:00:10.79,"2,62","50,099","19,3686"
20240905.233321.48,05.09.2024,23:33:21.48,"2,8","50,1668","19,3461"
20240906.025220.50,06.09.2024,02:52:20.50,"2,59","50,0987","19,3668"
20240906.045032.82,06.09.2024,04:50:32.82,"2,58","50,2031","19,0759"
20240906.045623.98,06.09.2024,04:56:23.98,"2,44","50,0994","19,3681"
20240906.093931.16,06.09.2024,09:39:31.16,3,"50,0991","19,3678"
20240906.133345.70,06.09.2024,13:33:45.70,"2,32","50,0984","19,3689"
20240906.133636.86,06.09.2024,13:36:36.86,"2,69","50,1859","19,0823"
20240907.101057.12,07.09.2024,10:10:57.12,"2,4","50,0995","19,3688"
20240907.101505.35,07.09.2024,10:15:05.35,"2,71","50,0988","19,3689"
20240909.060830.68,09.09.2024,06:08:30.68,"3,12","50,2024","19,0757"
20240909.113200.25,09.09.2024,11:32:00.25,"2,68","50,0975","19,3648"
20240909.142441.43,09.09.2024,14:24:41.43,"2,47","50,1322","19,1824"
20240910.045643.74,10.09.2024,04:56:43.74,"2,58","50,193","18,6762"
20240910.101944.84,10.09.2024,10:19:44.84,"2,91","50,1857","19,0825"
20240910.141140.04,10.09.2024,14:11:40.04,"2,8","50,2292","18,8172"
20240910.144226.41,10.09.2024,14:42:26.41,"2,83","50,0996","19,367"
20240910.233607.18,10.09.2024,23:36:07.18,"2,5","50,0986","19,3677"
20240911.003019.19,11.09.2024,00:30:19.19,"3,24","50,0997","19,3681"
20240911.003126.36,11.09.2024,00:31:26.36,"2,19","50,1008","19,3701"
20240911.021319.50,11.09.2024,02:13:19.50,"2,65","50,2404","18,8871"
20240911.043548.07,11.09.2024,04:35:48.07,"2,76","50,0992","19,3691"
20240911.135856.29,11.09.2024,13:58:56.29,"2,56","50,1019","19,3485"
20240911.211545.93,11.09.2024,21:15:45.93,"2,56","50,0991","19,3674"
20240911.211701.70,11.09.2024,21:17:01.70,"3,1","50,0985","19,3697"
20240911.231117.20,11.09.2024,23:11:17.20,"2,79","50,2026","19,0745"
20240912.052736.85,12.09.2024,05:27:36.85,"3,2","50,1675","19,3469"
20240912.083423.40,12.09.2024,08:34:23.40,"2,5","50,1762","18,6572"
20240912.140546.19,12.09.2024,14:05:46.19,"2,5","50,1675","19,3465"
20240913.000653.00,13.09.2024,00:06:53.00,"2,56","50,0989","19,3684"
20240913.014333.31,13.09.2024,01:43:33.31,"2,78","50,1863","19,0823"
20240913.033023.77,13.09.2024,03:30:23.77,"2,67","50,0991","19,3677"
20240913.033752.23,13.09.2024,03:37:52.23,"2,25","50,2405","18,8866"
20240913.123431.37,13.09.2024,12:34:31.37,"3,05","50,2026","19,0757"
20240913.140537.03,13.09.2024,14:05:37.03,"2,53","50,2056","18,634"
20240913.152046.76,13.09.2024,15:20:46.76,"2,31","50,1675","19,3462"
20240913.185148.16,13.09.2024,18:51:48.16,"2,29","50,2404","18,8871"
20240914.010015.74,14.09.2024,01:00:15.74,"1,89","50,1669","19,3464"
20240914.060152.93,14.09.2024,06:01:52.93,"2,26","50,0986","19,3673"
20240914.061142.05,14.09.2024,06:11:42.05,"2,2","50,0977","19,3475"
20240914.085119.85,14.09.2024,08:51:19.85,"2,39","50,1673","19,3465"
20240914.111158.99,14.09.2024,11:11:58.99,"2,33","50,2406","18,8876"
20240914.131213.66,14.09.2024,13:12:13.66,"2,57","50,1018","19,3486"
20240916.110558.57,16.09.2024,11:05:58.57,"2,82","50,189","19,368"
20240916.192723.74,16.09.2024,19:27:23.74,"2,47","50,0983","19,3686"
20240916.225314.88,16.09.2024,22:53:14.88,"2,63","50,2053","18,6346"
20240916.231936.05,16.09.2024,23:19:36.05,"2,34","50,1676","19,3461"
20240917.031032.86,17.09.2024,03:10:32.86,"2,38","50,1695","18,6363"
20240917.053229.30,17.09.2024,05:32:29.30,"2,33","50,1678","19,3463"
20240917.054502.98,17.09.2024,05:45:02.98,"2,38","50,0978","19,3477"
20240917.085259.68,17.09.2024,08:52:59.68,"2,56","50,1871","19,0824"
20240917.164658.04,17.09.2024,16:46:58.04,"2,4","50,0997","19,3669"
20240917.181631.15,17.09.2024,18:16:31.15,"2,36","50,1679","19,3464"
20240917.181835.31,17.09.2024,18:18:35.31,"2,16","50,2412","18,8872"
20240917.193900.39,17.09.2024,19:39:00.39,"1,87","50,1674","19,3468"
20240917.201805.32,17.09.2024,20:18:05.32,"2,73","50,1863","19,0832"
20240917.211043.42,17.09.2024,21:10:43.42,"2,09","50,1323","19,1815"
20240918.022616.00,18.09.2024,02:26:16.00,"3,01","50,2032","19,0774"
20240918.030420.87,18.09.2024,03:04:20.87,"2,36","50,1695","18,6343"
20240918.115628.44,18.09.2024,11:56:28.44,"2,65","50,1676","19,3456"
20240918.133253.43,18.09.2024,13:32:53.43,"2,69","50,0995","19,3666"
20240918.134059.83,18.09.2024,13:40:59.83,"2,56","50,0989","19,3684"
20240918.210133.09,18.09.2024,21:01:33.09,"2,49","50,1677","19,3456"
20240919.031733.80,19.09.2024,03:17:33.80,"2,52","50,2054","18,6359"
20240919.080958.00,19.09.2024,08:09:58.00,"2,19","50,2406","18,8863"
20240919.101901.00,19.09.2024,10:19:01.00,"2,52","50,101","19,3488"
20240919.135144.99,19.09.2024,13:51:44.99,"2,63","50,1675","19,3458"
20240919.142036.69,19.09.2024,14:20:36.69,"2,59","50,0981","19,3677"
20240919.192505.35,19.09.2024,19:25:05.35,"2,32","50,1663","19,347"
20240919.193355.47,19.09.2024,19:33:55.47,"2,38","50,0987","19,3676"
20240920.035856.98,20.09.2024,03:58:56.98,"2,54","50,1672","19,3452"
20240920.041944.90,20.09.2024,04:19:44.90,"2,5","50,0991","19,3665"
20240920.042237.28,20.09.2024,04:22:37.28,"2,43","50,186","19,0821"
20240920.152311.78,20.09.2024,15:23:11.78,"2,35","50,2408","18,8872"
20240921.031908.66,21.09.2024,03:19:08.66,"2,12","50,1676","19,3456"
20240921.175130.57,21.09.2024,17:51:30.57,"2,82","50,0976","19,3675"
20240923.074139.94,23.09.2024,07:41:39.94,"2,41","50,1658","19,3468"
20240923.140108.92,23.09.2024,14:01:08.92,"2,54","50,241","18,8875"
20240923.145939.51,23.09.2024,14:59:39.51,"2,52","50,2054","18,6353"
20240923.233206.38,23.09.2024,23:32:06.38,"2,49","50,1675","19,3456"
20240924.002629.41,24.09.2024,00:26:29.41,"2,72","50,1871","19,0826"
20240924.021251.73,24.09.2024,02:12:51.73,"2,98","50,2039","19,0748"
20240924.030820.40,24.09.2024,03:08:20.40,"2,39","50,0991","19,3673"
20240924.033919.38,24.09.2024,03:39:19.38,"2,42","50,0987","19,3684"
20240924.040624.30,24.09.2024,04:06:24.30,"2,76","50,0987","19,367"
20240924.041013.42,24.09.2024,04:10:13.42,"2,29","50,1672","19,3476"
20240924.063022.32,24.09.2024,06:30:22.32,"2,87","50,1868","19,0836"
20240924.105543.29,24.09.2024,10:55:43.29,"2,56","50,1863","19,0831"
20240924.144726.51,24.09.2024,14:47:26.51,"2,41","50,1316","19,1813"
20240924.151136.17,24.09.2024,15:11:36.17,"2,54","50,167","19,3451"
20240924.161821.89,24.09.2024,16:18:21.89,"2,19","50,1667","19,3451"
20240924.171503.79,24.09.2024,17:15:03.79,"2,13","50,168","19,3475"
20240924.213058.51,24.09.2024,21:30:58.51,"2,11","50,1673","19,3476"
20240924.222304.80,24.09.2024,22:23:04.80,"2,52","50,0993","19,3677"
20240925.014439.87,25.09.2024,01:44:39.87,"2,67","50,1674","19,3455"
20240925.135512.28,25.09.2024,13:55:12.28,"2,73","50,0988","19,3675"
20240925.213402.61,25.09.2024,21:34:02.61,"1,94","50,1676","19,3472"
20240926.184347.00,26.09.2024,18:43:47.00,"2,38","50,1316","19,1814"
20240926.211623.89,26.09.2024,21:16:23.89,"2,4","50,1699","18,6363"
20240926.212416.57,26.09.2024,21:24:16.57,"2,59","50,0991","19,3669"
20240926.221304.17,26.09.2024,22:13:04.17,"2,64","50,0985","19,3673"
20240927.032124.92,27.09.2024,03:21:24.92,"2,43","50,1672","19,3463"
20240927.131101.31,27.09.2024,13:11:01.31,"3,13","50,1006","19,3698"
20240927.194327.24,27.09.2024,19:43:27.24,"2,62","50,0988","19,3667"
20240927.205225.16,27.09.2024,20:52:25.16,"2,78","50,1864","19,0832"
20240927.210529.79,27.09.2024,21:05:29.79,"2,3","50,1317","19,1814"
20240928.101001.02,28.09.2024,10:10:01.02,"2,57","50,0979","19,3673"
20240928.135615.88,28.09.2024,13:56:15.88,"2,57","50,0998","19,3682"
20240928.234247.40,28.09.2024,23:42:47.40,"2,03","50,168","19,3474"
20240930.105247.72,30.09.2024,10:52:47.72,"2,25","50,1678","19,3484"
20240930.200719.15,30.09.2024,20:07:19.15,"2,26","50,0813","18,4585"
20241001.025855.39,01.10.2024,02:58:55.39,"2,4","50,1673","19,3465"
20241001.043828.49,01.10.2024,04:38:28.49,"2,57","50,2063","18,6333"
20241001.184953.23,01.10.2024,18:49:53.23,"2,65","50,0282","18,5367"
20241002.015413.44,02.10.2024,01:54:13.44,"2,38","50,2409","18,8865"
20241002.034018.96,02.10.2024,03:40:18.96,"2,27","50,1671","19,3474"
20241002.150907.67,02.10.2024,15:09:07.67,"3,14","50,1874","19,0826"
20241002.195538.46,02.10.2024,19:55:38.46,"2,35","50,1671","19,3466"
20241002.204302.01,02.10.2024,20:43:02.01,"2,93","50,0988","19,3678"
20241003.021451.85,03.10.2024,02:14:51.85,"2,62","50,0982","19,3692"
20241003.033239.31,03.10.2024,03:32:39.31,"2,83","50,1675","19,3461"
20241003.152520.66,03.10.2024,15:25:20.66,"2,49","50,1317","19,181"
20241003.174515.54,03.10.2024,17:45:15.54,"2,7","50,205","18,6338"
20241003.211807.43,03.10.2024,21:18:07.43,"2,89","50,1672","19,347"
20241004.003128.30,04.10.2024,00:31:28.30,"2,93","50,1806","19,0821"
20241004.033427.44,04.10.2024,03:34:27.44,"2,61","50,0983","19,3678"
20241004.184356.92,04.10.2024,18:43:56.92,"2,56","50,1677","19,3467"
20241004.184702.52,04.10.2024,18:47:02.52,"2,79","50,0992","19,3674"
20241004.225959.42,04.10.2024,22:59:59.42,"2,42","50,1928","18,6783"
20241005.001204.40,05.10.2024,00:12:04.40,"1,67","50,0808","18,4586"
20241005.003143.48,05.10.2024,00:31:43.48,"2,45","50,2409","18,8858"
20241005.020008.44,05.10.2024,02:00:08.44,"2,57","50,2247","19,0288"
20241005.020313.71,05.10.2024,02:03:13.71,"2,67","50,1872","19,0824"
20241005.031147.48,05.10.2024,03:11:47.48,"2,32","50,1688","18,6372"
20241005.110141.01,05.10.2024,11:01:41.01,"2,64","50,1673","19,347"
20241005.173451.06,05.10.2024,17:34:51.06,"2,12","50,1682","19,3458"
20241007.010840.51,07.10.2024,01:08:40.51,"2,25","50,2673","18,8238"
20241007.012713.59,07.10.2024,01:27:13.59,"2,45","50,2697","18,8119"
20241007.131421.08,07.10.2024,13:14:21.08,"2,88","50,0993","19,3662"
20241007.150014.33,07.10.2024,15:00:14.33,"2,74","50,1682","19,3468"
20241007.150849.11,07.10.2024,15:08:49.11,"2,66","50,099","19,3656"
20241007.163608.13,07.10.2024,16:36:08.13,"2,65","50,2323","18,8397"
20241007.194645.87,07.10.2024,19:46:45.87,"2,32","50,1326","19,1808"
20241007.200342.54,07.10.2024,20:03:42.54,"3,11","50,2024","19,0762"
20241008.023835.28,08.10.2024,02:38:35.28,"2,47","50,0988","19,3661"
20241008.030945.16,08.10.2024,03:09:45.16,"2,76","50,1682","19,3469"
20241008.032709.89,08.10.2024,03:27:09.89,"2,38","50,1004","19,3659"
20241008.133349.45,08.10.2024,13:33:49.45,"2,98","50,0816","18,4598"
20241008.144747.54,08.10.2024,14:47:47.54,"2,7","50,1677","19,3465"
20241008.170113.31,08.10.2024,17:01:13.31,"2,84","50,1014","19,3473"
20241008.172552.10,08.10.2024,17:25:52.10,"2,8","50,0989","19,3663"
20241008.225432.57,08.10.2024,22:54:32.57,"2,13","50,1683","19,3468"
20241009.000245.17,09.10.2024,00:02:45.17,"1,89","50,1675","19,3453"
20241009.015827.72,09.10.2024,01:58:27.72,"2,53","50,2206","19,0275"
20241009.140006.01,09.10.2024,14:00:06.01,"2,33","50,218","19,0261"
20241009.141057.16,09.10.2024,14:10:57.16,"3,03","50,1675","19,3458"
20241009.184801.57,09.10.2024,18:48:01.57,"2,44","50,2407","18,8854"
20241009.223123.87,09.10.2024,22:31:23.87,"2,85","50,1017","19,3477"
20241010.032941.77,10.10.2024,03:29:41.77,"2,7","50,0981","19,3679"
20241010.124128.84,10.10.2024,12:41:28.84,"3,02","50,0982","19,367"
20241010.165502.91,10.10.2024,16:55:02.91,"2,05","50,168","19,3476"
20241010.214903.74,10.10.2024,21:49:03.74,"2,33","50,1679","19,3471"
20241011.005042.89,11.10.2024,00:50:42.89,"2,55","50,0824","18,458"
20241011.050717.23,11.10.2024,05:07:17.23,"2,75","50,098","19,3669"
20241011.132230.58,11.10.2024,13:22:30.58,"2,63","50,0824","18,4586"
20241011.134942.79,11.10.2024,13:49:42.79,"2,71","50,2053","18,634"
20241011.135255.18,11.10.2024,13:52:55.18,"2,71","50,1684","19,3462"
20241011.233634.51,11.10.2024,23:36:34.51,"2,72","50,1866","19,0832"
20241012.001021.21,12.10.2024,00:10:21.21,"2,55","50,1681","19,3474"
20241012.045206.83,12.10.2024,04:52:06.83,"2,65","50,168","19,3473"
20241012.063143.74,12.10.2024,06:31:43.74,"2,79","50,098","19,3699"
20241012.072844.74,12.10.2024,07:28:44.74,"2,71","50,0967","19,3674"
20241012.091427.08,12.10.2024,09:14:27.08,"2,98","50,2038","19,0738"
20241012.103024.12,12.10.2024,10:30:24.12,"2,55","50,2202","19,0285"
20241012.140843.15,12.10.2024,14:08:43.15,"2,43","50,168","19,3476"
20241012.161722.20,12.10.2024,16:17:22.20,"2,28","50,2386","18,886"
20241012.204311.38,12.10.2024,20:43:11.38,"2,71","50,2041","19,0764"
20241014.012747.86,14.10.2024,01:27:47.86,"2,62","50,1917","18,7927"
20241014.125420.67,14.10.2024,12:54:20.67,"2,55","50,0996","19,354"
20241014.173635.83,14.10.2024,17:36:35.83,"2,67","50,206","18,6373"
20241015.010529.83,15.10.2024,01:05:29.83,"2,86","50,1679","19,3474"
20241015.020110.98,15.10.2024,02:01:10.98,"1,9","50,1676","19,3482"
20241015.025255.85,15.10.2024,02:52:55.85,"2,47","50,2411","18,8855"
20241015.040739.85,15.10.2024,04:07:39.85,"2,85","50,0969","19,3664"
20241015.224758.23,15.10.2024,22:47:58.23,"2,64","50,102","19,3472"
20241016.091822.46,16.10.2024,09:18:22.46,"3,24","50,2025","19,075"
20241016.115627.87,16.10.2024,11:56:27.87,"2,74","50,1936","18,6786"
20241016.160809.66,16.10.2024,16:08:09.66,"2,77","50,1678","19,3464"
20241016.165150.84,16.10.2024,16:51:50.84,"2,6","50,0985","19,3653"
20241017.003835.35,17.10.2024,00:38:35.35,"2,75","50,0984","19,3672"
20241017.004540.47,17.10.2024,00:45:40.47,"2,55","50,2794","18,8182"
20241017.011325.68,17.10.2024,01:13:25.68,"2,36","50,2791","18,8169"
20241017.021611.59,17.10.2024,02:16:11.59,"2,78","50,187","19,0832"
20241017.030930.97,17.10.2024,03:09:30.97,"2,51","50,0284","18,534"
20241017.065125.17,17.10.2024,06:51:25.17,"2,53","50,1915","18,7929"
20241017.191418.16,17.10.2024,19:14:18.16,"2,38","50,0281","18,5351"
20241017.192146.18,17.10.2024,19:21:46.18,"2,83","50,1867","19,0829"
20241017.222210.69,17.10.2024,22:22:10.69,"2,49","50,1683","19,3471"
20241017.233040.08,17.10.2024,23:30:40.08,"2,68","50,2206","19,0278"
20241018.034151.47,18.10.2024,03:41:51.47,"2,52","50,1024","19,3465"
20241018.074514.12,18.10.2024,07:45:14.12,"2,81","50,2064","18,6373"
20241018.150006.05,18.10.2024,15:00:06.05,"2,6","50,101","19,3657"
20241018.160949.03,18.10.2024,16:09:49.03,"2,93","50,1005","19,3684"
20241018.220209.08,18.10.2024,22:02:09.08,"2,58","50,0812","18,4584"
20241019.014459.61,19.10.2024,01:44:59.61,"2,42","50,1023","19,3477"
20241019.045646.34,19.10.2024,04:56:46.34,"3,05","50,0981","19,3667"
20241019.063237.34,19.10.2024,06:32:37.34,"3,32","50,0985","19,3699"
20241019.064158.80,19.10.2024,06:41:58.80,"2,71","50,0974","19,3684"
20241019.081154.12,19.10.2024,08:11:54.12,"2,38","50,1694","18,6376"
20241020.181803.06,20.10.2024,18:18:03.06,"3,41","50,2028","19,0758"
20241021.202313.96,21.10.2024,20:23:13.96,"2,94","50,082","18,4596"
20241022.002323.24,22.10.2024,00:23:23.24,"2,45","50,1683","19,3474"
20241022.003917.25,22.10.2024,00:39:17.25,"2,6","50,2063","18,6386"
20241022.005932.59,22.10.2024,00:59:32.59,"1,98","50,1682","19,3475"
20241022.112410.02,22.10.2024,11:24:10.02,"2,78","50,1683","19,3468"
20241022.132817.91,22.10.2024,13:28:17.91,"2,79","50,1884","19,0829"
20241022.172855.51,22.10.2024,17:28:55.51,"2,76","50,0974","19,3683"
20241023.082311.63,23.10.2024,08:23:11.63,"2,8","50,1922","18,7942"
20241023.183343.78,23.10.2024,18:33:43.78,"2,96","50,1874","19,0819"
20241024.035100.46,24.10.2024,03:51:00.46,"2,67","50,2045","18,6358"
20241024.213102.19,24.10.2024,21:31:02.19,"2,68","50,1873","19,0827"
20241025.020356.44,25.10.2024,02:03:56.44,"2,71","50,2416","18,8843"
20241025.200545.83,25.10.2024,20:05:45.83,"2,55","50,0822","18,4585"
20241026.005452.60,26.10.2024,00:54:52.60,"3,13","50,2289","18,822"
20241026.013534.65,26.10.2024,01:35:34.65,"2,74","50,102","19,3463"
20241026.025514.68,26.10.2024,02:55:14.68,"2,81","50,2049","18,6393"
20241026.103301.61,26.10.2024,10:33:01.61,"2,66","50,1844","18,6791"
20241027.045408.31,27.10.2024,04:54:08.31,"2,96","50,2132","18,7128"
20241027.173915.12,27.10.2024,17:39:15.12,"2,69","50,187","19,0832"
20241028.175429.84,28.10.2024,17:54:29.84,"2,7","50,1021","19,3458"
20241029.130835.22,29.10.2024,13:08:35.22,"2,48","50,2207","19,0287"
20241029.144714.53,29.10.2024,14:47:14.53,"2,58","50,2437","18,8839"
20241029.165339.40,29.10.2024,16:53:39.40,"2,59","50,1018","19,3463"
20241029.174316.44,29.10.2024,17:43:16.44,"2,53","50,257","18,7408"
20241029.234126.31,29.10.2024,23:41:26.31,"3,34","50,2027","19,075"
20241030.030818.10,30.10.2024,03:08:18.10,"3,04","50,098","19,3676"
20241030.050424.49,30.10.2024,05:04:24.49,"2,66","50,2054","18,6379"
20241030.095804.16,30.10.2024,09:58:04.16,"2,66","50,1874","19,0828"
20241031.011706.93,31.10.2024,01:17:06.93,"2,7","50,2016","18,7621"
20241031.191142.04,31.10.2024,19:11:42.04,"2,85","50,1021","19,346"
20241101.034517.98,01.11.2024,03:45:17.98,"2,28","50,1682","19,3457"
20241101.044128.62,01.11.2024,04:41:28.62,"2,87","50,1785","19,0819"
20241101.104804.85,01.11.2024,10:48:04.85,"2,73","50,098","19,3669"
20241101.164014.41,01.11.2024,16:40:14.41,"2,55","50,1026","19,3463"
20241102.233512.70,02.11.2024,23:35:12.70,"1,94","50,1688","19,347"
20241103.084837.36,03.11.2024,08:48:37.36,"2,16","50,1009","19,3472"
20241104.104043.03,04.11.2024,10:40:43.03,"2,61","50,2066","18,6301"
20241105.001117.74,05.11.2024,00:11:17.74,"2,9","50,1932","18,6793"
20241105.024244.08,05.11.2024,02:42:44.08,"2,58","50,1009","19,3461"
20241106.044625.66,06.11.2024,04:46:25.66,"2,88","50,1009","19,346"
20241106.164728.08,06.11.2024,16:47:28.08,"2,65","50,0809","18,4579"
20241106.220920.19,06.11.2024,22:09:20.19,"2,62","50,1931","18,6791"
20241107.020546.06,07.11.2024,02:05:46.06,"2,76","50,098","19,3649"
20241107.132251.64,07.11.2024,13:22:51.64,"2,79","50,1686","19,3464"
20241107.211120.27,07.11.2024,21:11:20.27,"2,65","50,1932","18,6796"
20241107.213357.85,07.11.2024,21:33:57.85,"2,59","50,2216","19,0293"
20241108.013458.13,08.11.2024,01:34:58.13,"2,56","50,0804","18,4567"
20241108.192126.60,08.11.2024,19:21:26.60,"2,33","50,1685","19,3476"
20241108.224806.60,08.11.2024,22:48:06.60,"2,43","50,1014","19,3457"
20241108.225413.24,08.11.2024,22:54:13.24,"2,42","50,1872","19,0819"
20241109.025402.00,09.11.2024,02:54:02.00,"2,51","50,0243","18,5282"
20241109.102257.25,09.11.2024,10:22:57.25,"2,23","50,1686","19,3476"
20241112.183652.52,12.11.2024,18:36:52.52,"2,33","50,1684","19,346"
20241112.205314.36,12.11.2024,20:53:14.36,"2,57","50,0984","19,3678"
20241113.052913.78,13.11.2024,05:29:13.78,"2,85","50,2386","18,7463"
20241113.103938.44,13.11.2024,10:39:38.44,"2,88","50,1011","19,3456"
20241113.170514.26,13.11.2024,17:05:14.26,"2,45","50,2207","19,0286"
20241113.220237.90,13.11.2024,22:02:37.90,"2,77","50,2212","19,0258"
20241114.035950.86,14.11.2024,03:59:50.86,"2,79","50,1007","19,3458"
20241114.201722.99,14.11.2024,20:17:22.99,"2,44","50,2036","19,0751"
20241115.045554.36,15.11.2024,04:55:54.36,"2,54","50,1661","19,3462"
20241115.130040.13,15.11.2024,13:00:40.13,"2,42","50,2217","19,0297"
20241116.032113.62,16.11.2024,03:21:13.62,"2,97","50,1007","19,3453"
20241116.082208.48,16.11.2024,08:22:08.48,"2,49","50,1941","18,6787"
20241118.064622.52,18.11.2024,06:46:22.52,"3,23","50,2327","18,8319"
20241118.133252.33,18.11.2024,13:32:52.33,"2,62","50,0922","19,2082"
20241118.185817.73,18.11.2024,18:58:17.73,"2,61","50,0982","19,3643"
20241118.201800.26,18.11.2024,20:18:00.26,"2,43","50,221","19,0296"
20241119.042508.53,19.11.2024,04:25:08.53,"2,75","50,1005","19,3456"
20241120.022016.95,20.11.2024,02:20:16.95,"2,69","50,1025","19,3453"
20241120.044749.28,20.11.2024,04:47:49.28,"2,75","50,098","19,3695"
20241120.133709.18,20.11.2024,13:37:09.18,"2,88","50,169","19,3465"
20241120.144553.57,20.11.2024,14:45:53.57,"2,75","50,0976","19,3658"
20241120.175203.07,20.11.2024,17:52:03.07,"2,78","50,1009","19,3457"
20241120.181654.75,20.11.2024,18:16:54.75,"2,34","50,2214","19,0304"
20241120.224643.75,20.11.2024,22:46:43.75,"2,3","50,1939","18,6789"
20241121.163626.15,21.11.2024,16:36:26.15,"2,6","50,0977","19,3653"
20241121.222136.91,21.11.2024,22:21:36.91,"2,75","50,0981","19,3645"
20241122.005215.60,22.11.2024,00:52:15.60,"2,36","50,1679","19,3456"
20241122.034125.62,22.11.2024,03:41:25.62,"2,12","50,1686","19,3477"
20241122.152555.61,22.11.2024,15:25:55.61,"2,63","50,098","19,3665"
20241123.020407.30,23.11.2024,02:04:07.30,"2,27","50,3479","18,8481"
20241123.040221.67,23.11.2024,04:02:21.67,"2,29","49,9503","18,6571"
20241123.045250.63,23.11.2024,04:52:50.63,"2,7","50,1792","19,0834"
20241123.054320.84,23.11.2024,05:43:20.84,"2,03","50,1683","19,3462"
20241123.125103.19,23.11.2024,12:51:03.19,"2,82","50,1007","19,3447"
20241124.083234.21,24.11.2024,08:32:34.21,"2,11","50,1648","19,3463"
20241125.022741.47,25.11.2024,02:27:41.47,2,"50,1812","19,3413"
20241125.045443.67,25.11.2024,04:54:43.67,"2,53","50,1661","18,6103"
20241125.160441.85,25.11.2024,16:04:41.85,"2,74","50,098","19,3634"
20241126.001007.73,26.11.2024,00:10:07.73,"2,93","50,0976","19,3661"
20241126.011408.17,26.11.2024,01:14:08.17,"1,99","50,1806","19,3437"
20241126.180443.31,26.11.2024,18:04:43.31,"2,95","50,1002","19,345"
20241126.231122.21,26.11.2024,23:11:22.21,"2,3","50,182","19,3422"
20241127.202559.21,27.11.2024,20:25:59.21,"2,75","50,206","18,6376"
20241127.213901.62,27.11.2024,21:39:01.62,"2,59","50,2769","18,8233"
20241128.044527.35,28.11.2024,04:45:27.35,"3,11","50,097","19,3679"
20241128.145618.39,28.11.2024,14:56:18.39,"3,19","50,3471","18,8406"
20241128.153755.49,28.11.2024,15:37:55.49,"2,87","50,2305","18,8255"
20241128.183517.89,28.11.2024,18:35:17.89,"2,63","50,0973","19,3676"
20241128.190141.18,28.11.2024,19:01:41.18,"3,01","50,1006","19,3447"
20241128.214716.72,28.11.2024,21:47:16.72,"2,89","50,2033","19,0764"
20241128.220333.20,28.11.2024,22:03:33.20,"2,3","50,1822","19,342"
20241129.211301.56,29.11.2024,21:13:01.56,"3,04","50,0973","19,3661"
20241129.213833.30,29.11.2024,21:38:33.30,"2,15","50,1816","19,3417"
20241130.051024.07,30.11.2024,05:10:24.07,"2,61","50,0241","18,5278"
20241130.073844.03,30.11.2024,07:38:44.03,"2,27","50,1809","19,3436"
20241202.071406.76,02.12.2024,07:14:06.76,"2,46","50,1819","19,3419"
20241202.210816.73,02.12.2024,21:08:16.73,"2,97","50,0986","19,3639"
20241203.020755.41,03.12.2024,02:07:55.41,"2,64","50,1003","19,3451"
20241203.195020.91,03.12.2024,19:50:20.91,"2,86","50,1689","19,3482"
20241203.220217.03,03.12.2024,22:02:17.03,"2,54","50,2775","18,8235"
20241204.044138.79,04.12.2024,04:41:38.79,"2,47","50,098","19,3644"
20241205.143625.27,05.12.2024,14:36:25.27,"2,98","50,0976","19,3647"
20241205.170509.85,05.12.2024,17:05:09.85,"2,28","50,1881","19,0824"
20241206.061313.69,06.12.2024,06:13:13.69,"2,69","50,3501","18,8455"
20241206.155051.92,06.12.2024,15:50:51.92,"2,34","50,0804","18,4579"
20241206.161948.23,06.12.2024,16:19:48.23,"2,99","50,1008","19,3444"
20241206.172919.86,06.12.2024,17:29:19.86,"2,6","50,1664","18,6094"
20241207.011234.83,07.12.2024,01:12:34.83,"2,26","50,1808","19,342"
20241207.033842.13,07.12.2024,03:38:42.13,"2,5","50,1819","19,3423"
20241207.061031.35,07.12.2024,06:10:31.35,"2,86","50,0972","19,3683"
20241207.082224.19,07.12.2024,08:22:24.19,"2,67","50,1669","18,6108"
20241208.172841.05,08.12.2024,17:28:41.05,"2,5","50,1916","18,7953"
20241209.132206.99,09.12.2024,13:22:06.99,"2,63","50,0973","19,367"
20241210.010534.69,10.12.2024,01:05:34.69,"3,06","50,0976","19,3645"
20241210.030650.91,10.12.2024,03:06:50.91,"2,46","50,1009","19,3439"
20241210.094551.38,10.12.2024,09:45:51.38,"2,87","50,1673","18,6113"
20241210.200143.70,10.12.2024,20:01:43.70,"2,73","50,1003","19,3444"
20241211.045020.50,11.12.2024,04:50:20.50,"2,81","50,0969","19,367"
20241211.162133.43,11.12.2024,16:21:33.43,"2,78","50,1669","18,6106"
20241211.231000.48,11.12.2024,23:10:00.48,"2,64","50,1784","18,6437"
20241212.105254.30,12.12.2024,10:52:54.30,"2,7","50,0972","19,3668"
20241212.173653.26,12.12.2024,17:36:53.26,"2,5","50,1664","18,61"
20241212.183920.00,12.12.2024,18:39:20.00,"2,62","50,1882","19,0824"
20241213.154512.29,13.12.2024,15:45:12.29,"2,56","50,0971","19,368"
20241213.164234.42,13.12.2024,16:42:34.42,"3,08","50,0976","19,3685"
20241213.232214.21,13.12.2024,23:22:14.21,"3,05","50,0923","19,21"
20241214.044556.52,14.12.2024,04:45:56.52,"2,91","50,0973","19,3665"
20241215.081507.86,15.12.2024,08:15:07.86,"2,87","50,0976","19,3682"
20241216.154659.14,16.12.2024,15:46:59.14,"2,49","50,2278","18,82"
20241217.002109.44,17.12.2024,00:21:09.44,"3,02","50,0976","19,3664"
20241217.013340.45,17.12.2024,01:33:40.45,"1,96","50,08","18,4587"
20241217.013848.04,17.12.2024,01:38:48.04,"2,67","50,0981","19,3641"
20241217.042758.78,17.12.2024,04:27:58.78,"2,43","50,2308","18,8807"
20241217.081901.91,17.12.2024,08:19:01.91,"2,51","50,1664","18,6093"
20241217.182519.29,17.12.2024,18:25:19.29,"2,1","50,0807","18,4572"
20241217.230712.89,17.12.2024,23:07:12.89,"2,58","50,0982","19,364"
20241218.011247.75,18.12.2024,01:12:47.75,"2,76","50,1655","18,609"
20241218.085805.31,18.12.2024,08:58:05.31,"2,59","50,2303","18,8802"
20241218.132037.21,18.12.2024,13:20:37.21,"3,49","50,2252","19,0272"
20241218.191250.43,18.12.2024,19:12:50.43,"2,47","50,1664","18,6084"
20241218.211018.98,18.12.2024,21:10:18.98,"3,07","50,0971","19,3667"
20241219.042402.64,19.12.2024,04:24:02.64,"2,46","50,0257","18,5246"
20241219.230307.09,19.12.2024,23:03:07.09,"3,08","50,2115","18,7138"
20241220.111021.78,20.12.2024,11:10:21.78,"2,96","50,2394","18,7442"
20241220.210050.50,20.12.2024,21:00:50.50,"3,14","50,0261","18,5248"
20241220.210710.39,20.12.2024,21:07:10.39,"2,68","50,1006","19,3435"
20241221.011829.61,21.12.2024,01:18:29.61,"2,91","50,0973","19,3686"
20241221.011846.71,21.12.2024,01:18:46.71,"3,09","50,0966","19,3666"
20241221.180407.73,21.12.2024,18:04:07.73,"2,74","50,0967","19,3672"
20241221.213115.05,21.12.2024,21:31:15.05,"2,74","50,0984","19,364"
20241222.013619.03,22.12.2024,01:36:19.03,"2,78","50,101","19,3434"
20241223.155900.10,23.12.2024,15:59:00.10,"2,77","50,1003","19,3434"
20241223.220830.27,23.12.2024,22:08:30.27,"2,64","50,0968","19,3666"
20241223.230004.98,23.12.2024,23:00:04.98,"2,93","50,097","19,3668"
20241224.010239.61,24.12.2024,01:02:39.61,"2,65","50,0988","19,3639"
20241224.023244.61,24.12.2024,02:32:44.61,"2,67","50,101","19,3433"
20241227.200720.28,27.12.2024,20:07:20.28,"2,8","50,1002","19,3434"
20241227.225127.79,27.12.2024,22:51:27.79,"2,68","50,098","19,364"
20241227.233017.19,27.12.2024,23:30:17.19,"2,11","50,0798","18,457"
20241228.032835.06,28.12.2024,03:28:35.06,"2,56","50,0969","19,3672"
20241228.130421.95,28.12.2024,13:04:21.95,"2,17","50,0802","18,4585"
20241229.145845.58,29.12.2024,14:58:45.58,"2,61","50,0968","19,3664"
20241230.101858.38,30.12.2024,10:18:58.38,"2,76","50,097","19,3679"
20241230.172645.39,30.12.2024,17:26:45.39,"2,89","50,1673","18,61"
20241230.204218.94,30.12.2024,20:42:18.94,"1,97","50,0794","18,4568"
20241231.065212.53,31.12.2024,06:52:12.53,"3,39","50,2309","18,8822"
